Ids/Id/0/_db,Ids/Id/0/_is_primary,Ids/Id/0/__text,Ids/Id/1/_db_label,Ids/Id/1/__text,Ids/Id/2/_db,Ids/Id/2/__text,Description/Title,Description/Organism/OrganismName,Description/Organism/_taxonomy_id,Description/Organism/_taxonomy_name,Owner/Name,Owner/Contacts/Contact/Name/First,Owner/Contacts/Contact/Name/Last,Owner/Contacts/Contact/Name/Middle,Owner/Contacts/Contact/_email,Models/Model,Package/_display_name,Package/__text,Attributes/Attribute/0/_attribute_name,Attributes/Attribute/0/_harmonized_name,Attributes/Attribute/0/_display_name,Attributes/Attribute/0/__text,Attributes/Attribute/1/_attribute_name,Attributes/Attribute/1/_harmonized_name,Attributes/Attribute/1/_display_name,Attributes/Attribute/1/__text,Attributes/Attribute/2/_attribute_name,Attributes/Attribute/2/_harmonized_name,Attributes/Attribute/2/_display_name,Attributes/Attribute/2/__text,Attributes/Attribute/3/_attribute_name,Attributes/Attribute/3/_harmonized_name,Attributes/Attribute/3/_display_name,Attributes/Attribute/3/__text,Attributes/Attribute/4/_attribute_name,Attributes/Attribute/4/_harmonized_name,Attributes/Attribute/4/_display_name,Attributes/Attribute/4/__text,Links/Link/_type,Links/Link/_target,Links/Link/_label,Links/Link/__text,Status/_status,Status/_when,_access,_publication_date,_last_update,_submission_date,_id,_accession,Description/Comment/Paragraph
BioSample,1,SAMN13520352,Sample name,Volgogradskaja-9,SRA,SRS5787834,Plant sample from Pinus sylvestris,Pinus sylvestris,3349,Pinus sylvestris,University of Oulu,Jaakko,Tyrmi,Sakari,jaakko.tyrmi@gmail.com,Plant,Plant; version 1.0,Plant.1.0,isolate,isolate,isolate,Volgogradskaja-9,age,age,age,missing,dev_stage,dev_stage,development stage,missing,geo_loc_name,geo_loc_name,geographic location,Russia:Volgogradskaya oblast,tissue,tissue,tissue,megagametophyte,entrez,bioproject,PRJNA592869,592869,live,2020-06-25T12:23:04.214,public,2020-06-25T00:00:00.000,2020-06-25T12:23:04.214,2019-12-10T07:18:06.073,13520352,SAMN13520352,
BioSample,1,SAMN13520351,Sample name,Volgogradskaja-8,SRA,SRS5787833,Plant sample from Pinus sylvestris,Pinus sylvestris,3349,Pinus sylvestris,University of Oulu,Jaakko,Tyrmi,Sakari,jaakko.tyrmi@gmail.com,Plant,Plant; version 1.0,Plant.1.0,isolate,isolate,isolate,Volgogradskaja-8,age,age,age,missing,dev_stage,dev_stage,development stage,missing,geo_loc_name,geo_loc_name,geographic location,Russia:Volgogradskaya oblast,tissue,tissue,tissue,megagametophyte,entrez,bioproject,PRJNA592869,592869,live,2020-06-25T12:23:04.187,public,2020-06-25T00:00:00.000,2020-06-25T12:23:04.187,2019-12-10T07:18:05.973,13520351,SAMN13520351,
BioSample,1,SAMN13520350,Sample name,Volgogradskaja-7,SRA,SRS5787832,Plant sample from Pinus sylvestris,Pinus sylvestris,3349,Pinus sylvestris,University of Oulu,Jaakko,Tyrmi,Sakari,jaakko.tyrmi@gmail.com,Plant,Plant; version 1.0,Plant.1.0,isolate,isolate,isolate,Volgogradskaja-7,age,age,age,missing,dev_stage,dev_stage,development stage,missing,geo_loc_name,geo_loc_name,geographic location,Russia:Volgogradskaya oblast,tissue,tissue,tissue,megagametophyte,entrez,bioproject,PRJNA592869,592869,live,2020-06-25T12:23:05.688,public,2020-06-25T00:00:00.000,2020-06-25T12:23:05.688,2019-12-10T07:18:05.870,13520350,SAMN13520350,
BioSample,1,SAMN13520349,Sample name,Volgogradskaja-6,SRA,SRS5787831,Plant sample from Pinus sylvestris,Pinus sylvestris,3349,Pinus sylvestris,University of Oulu,Jaakko,Tyrmi,Sakari,jaakko.tyrmi@gmail.com,Plant,Plant; version 1.0,Plant.1.0,isolate,isolate,isolate,Volgogradskaja-6,age,age,age,missing,dev_stage,dev_stage,development stage,missing,geo_loc_name,geo_loc_name,geographic location,Russia:Volgogradskaya oblast,tissue,tissue,tissue,megagametophyte,entrez,bioproject,PRJNA592869,592869,live,2020-06-25T12:23:05.661,public,2020-06-25T00:00:00.000,2020-06-25T12:23:05.661,2019-12-10T07:18:05.853,13520349,SAMN13520349,
BioSample,1,SAMN13520348,Sample name,Volgogradskaja-5,SRA,SRS5787830,Plant sample from Pinus sylvestris,Pinus sylvestris,3349,Pinus sylvestris,University of Oulu,Jaakko,Tyrmi,Sakari,jaakko.tyrmi@gmail.com,Plant,Plant; version 1.0,Plant.1.0,isolate,isolate,isolate,Volgogradskaja-5,age,age,age,missing,dev_stage,dev_stage,development stage,missing,geo_loc_name,geo_loc_name,geographic location,Russia:Volgogradskaya oblast,tissue,tissue,tissue,megagametophyte,entrez,bioproject,PRJNA592869,592869,live,2020-06-25T12:23:02.265,public,2020-06-25T00:00:00.000,2020-06-25T12:23:02.265,2019-12-10T07:18:05.836,13520348,SAMN13520348,
BioSample,1,SAMN13520347,Sample name,Volgogradskaja-4,SRA,SRS5787829,Plant sample from Pinus sylvestris,Pinus sylvestris,3349,Pinus sylvestris,University of Oulu,Jaakko,Tyrmi,Sakari,jaakko.tyrmi@gmail.com,Plant,Plant; version 1.0,Plant.1.0,isolate,isolate,isolate,Volgogradskaja-4,age,age,age,missing,dev_stage,dev_stage,development stage,missing,geo_loc_name,geo_loc_name,geographic location,Russia:Volgogradskaya oblast,tissue,tissue,tissue,megagametophyte,entrez,bioproject,PRJNA592869,592869,live,2020-06-25T12:23:04.161,public,2020-06-25T00:00:00.000,2020-06-25T12:23:04.161,2019-12-10T07:18:05.820,13520347,SAMN13520347,This sample may have been sampled from the same tree as Volgogradskaja-2
BioSample,1,SAMN13520346,Sample name,Volgogradskaja-3,SRA,SRS5787828,Plant sample from Pinus sylvestris,Pinus sylvestris,3349,Pinus sylvestris,University of Oulu,Jaakko,Tyrmi,Sakari,jaakko.tyrmi@gmail.com,Plant,Plant; version 1.0,Plant.1.0,isolate,isolate,isolate,Volgogradskaja-3,age,age,age,missing,dev_stage,dev_stage,development stage,missing,geo_loc_name,geo_loc_name,geographic location,Russia:Volgogradskaya oblast,tissue,tissue,tissue,megagametophyte,entrez,bioproject,PRJNA592869,592869,live,2020-06-25T12:23:02.804,public,2020-06-25T00:00:00.000,2020-06-25T12:23:02.804,2019-12-10T07:18:05.806,13520346,SAMN13520346,
BioSample,1,SAMN13520345,Sample name,Volgogradskaja-2,SRA,SRS5787827,Plant sample from Pinus sylvestris,Pinus sylvestris,3349,Pinus sylvestris,University of Oulu,Jaakko,Tyrmi,Sakari,jaakko.tyrmi@gmail.com,Plant,Plant; version 1.0,Plant.1.0,isolate,isolate,isolate,Volgogradskaja-2,age,age,age,missing,dev_stage,dev_stage,development stage,missing,geo_loc_name,geo_loc_name,geographic location,Russia:Volgogradskaya oblast,tissue,tissue,tissue,megagametophyte,entrez,bioproject,PRJNA592869,592869,live,2020-06-25T12:23:04.134,public,2020-06-25T00:00:00.000,2020-06-25T12:23:04.134,2019-12-10T07:18:05.790,13520345,SAMN13520345,This sample may have been sampled from the same tree as Volgogradskaja-4
BioSample,1,SAMN13520344,Sample name,Volgogradskaja-1,SRA,SRS5787826,Plant sample from Pinus sylvestris,Pinus sylvestris,3349,Pinus sylvestris,University of Oulu,Jaakko,Tyrmi,Sakari,jaakko.tyrmi@gmail.com,Plant,Plant; version 1.0,Plant.1.0,isolate,isolate,isolate,Volgogradskaja-1,age,age,age,missing,dev_stage,dev_stage,development stage,missing,geo_loc_name,geo_loc_name,geographic location,Russia:Volgogradskaya oblast,tissue,tissue,tissue,megagametophyte,entrez,bioproject,PRJNA592869,592869,live,2020-06-25T12:23:04.034,public,2020-06-25T00:00:00.000,2020-06-25T12:23:04.034,2019-12-10T07:18:05.776,13520344,SAMN13520344,
BioSample,1,SAMN13520343,Sample name,Volgogradskaja-10,SRA,SRS5787825,Plant sample from Pinus sylvestris,Pinus sylvestris,3349,Pinus sylvestris,University of Oulu,Jaakko,Tyrmi,Sakari,jaakko.tyrmi@gmail.com,Plant,Plant; version 1.0,Plant.1.0,isolate,isolate,isolate,Volgogradskaja-10,age,age,age,missing,dev_stage,dev_stage,development stage,missing,geo_loc_name,geo_loc_name,geographic location,Russia:Volgogradskaya oblast,tissue,tissue,tissue,megagametophyte,entrez,bioproject,PRJNA592869,592869,live,2020-06-25T12:23:02.210,public,2020-06-25T00:00:00.000,2020-06-25T12:23:02.210,2019-12-10T07:18:05.756,13520343,SAMN13520343,
BioSample,1,SAMN13520342,Sample name,Ust-Kulom-8,SRA,SRS5787823,Plant sample from Pinus sylvestris,Pinus sylvestris,3349,Pinus sylvestris,University of Oulu,Jaakko,Tyrmi,Sakari,jaakko.tyrmi@gmail.com,Plant,Plant; version 1.0,Plant.1.0,isolate,isolate,isolate,Ust-Kulom-8,age,age,age,missing,dev_stage,dev_stage,development stage,missing,geo_loc_name,geo_loc_name,geographic location,Russia:Ust-Kulom,tissue,tissue,tissue,megagametophyte,entrez,bioproject,PRJNA592869,592869,live,2020-06-25T12:23:02.779,public,2020-06-25T00:00:00.000,2020-06-25T12:23:02.779,2019-12-10T07:18:05.740,13520342,SAMN13520342,This sample may have been sampled from the same tree as Ust-Kulom-1
BioSample,1,SAMN13520341,Sample name,Ust-Kulom-7,SRA,SRS5787822,Plant sample from Pinus sylvestris,Pinus sylvestris,3349,Pinus sylvestris,University of Oulu,Jaakko,Tyrmi,Sakari,jaakko.tyrmi@gmail.com,Plant,Plant; version 1.0,Plant.1.0,isolate,isolate,isolate,Ust-Kulom-7,age,age,age,missing,dev_stage,dev_stage,development stage,missing,geo_loc_name,geo_loc_name,geographic location,Russia:Ust-Kulom,tissue,tissue,tissue,megagametophyte,entrez,bioproject,PRJNA592869,592869,live,2020-06-25T12:23:04.008,public,2020-06-25T00:00:00.000,2020-06-25T12:23:04.008,2019-12-10T07:18:05.726,13520341,SAMN13520341,
BioSample,1,SAMN13520340,Sample name,Ust-Kulom-6,SRA,SRS5787821,Plant sample from Pinus sylvestris,Pinus sylvestris,3349,Pinus sylvestris,University of Oulu,Jaakko,Tyrmi,Sakari,jaakko.tyrmi@gmail.com,Plant,Plant; version 1.0,Plant.1.0,isolate,isolate,isolate,Ust-Kulom-6,age,age,age,missing,dev_stage,dev_stage,development stage,missing,geo_loc_name,geo_loc_name,geographic location,Russia:Ust-Kulom,tissue,tissue,tissue,megagametophyte,entrez,bioproject,PRJNA592869,592869,live,2020-06-25T12:23:02.752,public,2020-06-25T00:00:00.000,2020-06-25T12:23:02.752,2019-12-10T07:18:05.710,13520340,SAMN13520340,
BioSample,1,SAMN13520339,Sample name,Ust-Kulom-5,SRA,SRS5787820,Plant sample from Pinus sylvestris,Pinus sylvestris,3349,Pinus sylvestris,University of Oulu,Jaakko,Tyrmi,Sakari,jaakko.tyrmi@gmail.com,Plant,Plant; version 1.0,Plant.1.0,isolate,isolate,isolate,Ust-Kulom-5,age,age,age,missing,dev_stage,dev_stage,development stage,missing,geo_loc_name,geo_loc_name,geographic location,Russia:Ust-Kulom,tissue,tissue,tissue,megagametophyte,entrez,bioproject,PRJNA592869,592869,live,2020-06-25T12:23:03.983,public,2020-06-25T00:00:00.000,2020-06-25T12:23:03.983,2019-12-10T07:18:05.696,13520339,SAMN13520339,
BioSample,1,SAMN13520338,Sample name,Ust-Kulom-4,SRA,SRS5787819,Plant sample from Pinus sylvestris,Pinus sylvestris,3349,Pinus sylvestris,University of Oulu,Jaakko,Tyrmi,Sakari,jaakko.tyrmi@gmail.com,Plant,Plant; version 1.0,Plant.1.0,isolate,isolate,isolate,Ust-Kulom-4,age,age,age,missing,dev_stage,dev_stage,development stage,missing,geo_loc_name,geo_loc_name,geographic location,Russia:Ust-Kulom,tissue,tissue,tissue,megagametophyte,entrez,bioproject,PRJNA592869,592869,live,2020-06-25T12:23:03.956,public,2020-06-25T00:00:00.000,2020-06-25T12:23:03.956,2019-12-10T07:18:05.680,13520338,SAMN13520338,
BioSample,1,SAMN13520337,Sample name,Ust-Kulom-3,SRA,SRS5787818,Plant sample from Pinus sylvestris,Pinus sylvestris,3349,Pinus sylvestris,University of Oulu,Jaakko,Tyrmi,Sakari,jaakko.tyrmi@gmail.com,Plant,Plant; version 1.0,Plant.1.0,isolate,isolate,isolate,Ust-Kulom-3,age,age,age,missing,dev_stage,dev_stage,development stage,missing,geo_loc_name,geo_loc_name,geographic location,Russia:Ust-Kulom,tissue,tissue,tissue,megagametophyte,entrez,bioproject,PRJNA592869,592869,live,2020-06-25T12:23:03.928,public,2020-06-25T00:00:00.000,2020-06-25T12:23:03.928,2019-12-10T07:18:05.663,13520337,SAMN13520337,
BioSample,1,SAMN13520336,Sample name,Ust-Kulom-2,SRA,SRS5787817,Plant sample from Pinus sylvestris,Pinus sylvestris,3349,Pinus sylvestris,University of Oulu,Jaakko,Tyrmi,Sakari,jaakko.tyrmi@gmail.com,Plant,Plant; version 1.0,Plant.1.0,isolate,isolate,isolate,Ust-Kulom-2,age,age,age,missing,dev_stage,dev_stage,development stage,missing,geo_loc_name,geo_loc_name,geographic location,Russia:Ust-Kulom,tissue,tissue,tissue,megagametophyte,entrez,bioproject,PRJNA592869,592869,live,2020-06-25T12:23:02.725,public,2020-06-25T00:00:00.000,2020-06-25T12:23:02.725,2019-12-10T07:18:05.650,13520336,SAMN13520336,
BioSample,1,SAMN13520335,Sample name,Ust-Kulom-1,SRA,SRS5787816,Plant sample from Pinus sylvestris,Pinus sylvestris,3349,Pinus sylvestris,University of Oulu,Jaakko,Tyrmi,Sakari,jaakko.tyrmi@gmail.com,Plant,Plant; version 1.0,Plant.1.0,isolate,isolate,isolate,Ust-Kulom-1,age,age,age,missing,dev_stage,dev_stage,development stage,missing,geo_loc_name,geo_loc_name,geographic location,Russia:Ust-Kulom,tissue,tissue,tissue,megagametophyte,entrez,bioproject,PRJNA592869,592869,live,2020-06-25T12:23:05.634,public,2020-06-25T00:00:00.000,2020-06-25T12:23:05.634,2019-12-10T07:18:05.630,13520335,SAMN13520335,This sample may have been sampled from the same tree as Ust-Kulom-8
BioSample,1,SAMN13520334,Sample name,Ust-Chilma-9,SRA,SRS5787815,Plant sample from Pinus sylvestris,Pinus sylvestris,3349,Pinus sylvestris,University of Oulu,Jaakko,Tyrmi,Sakari,jaakko.tyrmi@gmail.com,Plant,Plant; version 1.0,Plant.1.0,isolate,isolate,isolate,Ust-Chilma-9,age,age,age,missing,dev_stage,dev_stage,development stage,missing,geo_loc_name,geo_loc_name,geographic location,Russia:Ust-Tsilma,tissue,tissue,tissue,megagametophyte,entrez,bioproject,PRJNA592869,592869,live,2020-06-25T12:23:03.903,public,2020-06-25T00:00:00.000,2020-06-25T12:23:03.903,2019-12-10T07:18:05.613,13520334,SAMN13520334,
BioSample,1,SAMN13520333,Sample name,Ust-Chilma-8,SRA,SRS5787814,Plant sample from Pinus sylvestris,Pinus sylvestris,3349,Pinus sylvestris,University of Oulu,Jaakko,Tyrmi,Sakari,jaakko.tyrmi@gmail.com,Plant,Plant; version 1.0,Plant.1.0,isolate,isolate,isolate,Ust-Chilma-8,age,age,age,missing,dev_stage,dev_stage,development stage,missing,geo_loc_name,geo_loc_name,geographic location,Russia:Ust-Tsilma,tissue,tissue,tissue,megagametophyte,entrez,bioproject,PRJNA592869,592869,live,2020-06-25T12:23:03.873,public,2020-06-25T00:00:00.000,2020-06-25T12:23:03.873,2019-12-10T07:18:05.600,13520333,SAMN13520333,
BioSample,1,SAMN13520332,Sample name,Ust-Chilma-7,SRA,SRS5787930,Plant sample from Pinus sylvestris,Pinus sylvestris,3349,Pinus sylvestris,University of Oulu,Jaakko,Tyrmi,Sakari,jaakko.tyrmi@gmail.com,Plant,Plant; version 1.0,Plant.1.0,isolate,isolate,isolate,Ust-Chilma-7,age,age,age,missing,dev_stage,dev_stage,development stage,missing,geo_loc_name,geo_loc_name,geographic location,Russia:Ust-Tsilma,tissue,tissue,tissue,megagametophyte,entrez,bioproject,PRJNA592869,592869,live,2020-06-25T12:23:02.095,public,2020-06-25T00:00:00.000,2020-06-25T12:23:02.095,2019-12-10T07:18:05.583,13520332,SAMN13520332,
BioSample,1,SAMN13520331,Sample name,Ust-Chilma-6,SRA,SRS5787929,Plant sample from Pinus sylvestris,Pinus sylvestris,3349,Pinus sylvestris,University of Oulu,Jaakko,Tyrmi,Sakari,jaakko.tyrmi@gmail.com,Plant,Plant; version 1.0,Plant.1.0,isolate,isolate,isolate,Ust-Chilma-6,age,age,age,missing,dev_stage,dev_stage,development stage,missing,geo_loc_name,geo_loc_name,geographic location,Russia:Ust-Tsilma,tissue,tissue,tissue,megagametophyte,entrez,bioproject,PRJNA592869,592869,live,2020-06-25T12:23:02.699,public,2020-06-25T00:00:00.000,2020-06-25T12:23:02.699,2019-12-10T07:18:05.566,13520331,SAMN13520331,
BioSample,1,SAMN13520330,Sample name,Ust-Chilma-5,SRA,SRS5787928,Plant sample from Pinus sylvestris,Pinus sylvestris,3349,Pinus sylvestris,University of Oulu,Jaakko,Tyrmi,Sakari,jaakko.tyrmi@gmail.com,Plant,Plant; version 1.0,Plant.1.0,isolate,isolate,isolate,Ust-Chilma-5,age,age,age,missing,dev_stage,dev_stage,development stage,missing,geo_loc_name,geo_loc_name,geographic location,Russia:Ust-Tsilma,tissue,tissue,tissue,megagametophyte,entrez,bioproject,PRJNA592869,592869,live,2020-06-25T12:23:02.350,public,2020-06-25T00:00:00.000,2020-06-25T12:23:02.350,2019-12-10T07:18:05.553,13520330,SAMN13520330,
BioSample,1,SAMN13520329,Sample name,Ust-Chilma-4,SRA,SRS5787927,Plant sample from Pinus sylvestris,Pinus sylvestris,3349,Pinus sylvestris,University of Oulu,Jaakko,Tyrmi,Sakari,jaakko.tyrmi@gmail.com,Plant,Plant; version 1.0,Plant.1.0,isolate,isolate,isolate,Ust-Chilma-4,age,age,age,missing,dev_stage,dev_stage,development stage,missing,geo_loc_name,geo_loc_name,geographic location,Russia:Ust-Tsilma,tissue,tissue,tissue,megagametophyte,entrez,bioproject,PRJNA592869,592869,live,2020-06-25T12:23:05.471,public,2020-06-25T00:00:00.000,2020-06-25T12:23:05.471,2019-12-10T07:18:05.536,13520329,SAMN13520329,
BioSample,1,SAMN13520328,Sample name,Ust-Chilma-3,SRA,SRS5787926,Plant sample from Pinus sylvestris,Pinus sylvestris,3349,Pinus sylvestris,University of Oulu,Jaakko,Tyrmi,Sakari,jaakko.tyrmi@gmail.com,Plant,Plant; version 1.0,Plant.1.0,isolate,isolate,isolate,Ust-Chilma-3,age,age,age,missing,dev_stage,dev_stage,development stage,missing,geo_loc_name,geo_loc_name,geographic location,Russia:Ust-Tsilma,tissue,tissue,tissue,megagametophyte,entrez,bioproject,PRJNA592869,592869,live,2020-06-25T12:23:02.179,public,2020-06-25T00:00:00.000,2020-06-25T12:23:02.179,2019-12-10T07:18:05.520,13520328,SAMN13520328,
BioSample,1,SAMN13520327,Sample name,Ust-Chilma-2,SRA,SRS5787925,Plant sample from Pinus sylvestris,Pinus sylvestris,3349,Pinus sylvestris,University of Oulu,Jaakko,Tyrmi,Sakari,jaakko.tyrmi@gmail.com,Plant,Plant; version 1.0,Plant.1.0,isolate,isolate,isolate,Ust-Chilma-2,age,age,age,missing,dev_stage,dev_stage,development stage,missing,geo_loc_name,geo_loc_name,geographic location,Russia:Ust-Tsilma,tissue,tissue,tissue,megagametophyte,entrez,bioproject,PRJNA592869,592869,live,2020-06-25T12:23:05.880,public,2020-06-25T00:00:00.000,2020-06-25T12:23:05.880,2019-12-10T07:18:05.506,13520327,SAMN13520327,
BioSample,1,SAMN13520326,Sample name,Ust-Chilma-1,SRA,SRS5787924,Plant sample from Pinus sylvestris,Pinus sylvestris,3349,Pinus sylvestris,University of Oulu,Jaakko,Tyrmi,Sakari,jaakko.tyrmi@gmail.com,Plant,Plant; version 1.0,Plant.1.0,isolate,isolate,isolate,Ust-Chilma-1,age,age,age,missing,dev_stage,dev_stage,development stage,missing,geo_loc_name,geo_loc_name,geographic location,Russia:Ust-Tsilma,tissue,tissue,tissue,megagametophyte,entrez,bioproject,PRJNA592869,592869,live,2020-06-25T12:23:03.166,public,2020-06-25T00:00:00.000,2020-06-25T12:23:03.166,2019-12-10T07:18:05.490,13520326,SAMN13520326,
BioSample,1,SAMN13520325,Sample name,Ust-Chilma-10,SRA,SRS5787923,Plant sample from Pinus sylvestris,Pinus sylvestris,3349,Pinus sylvestris,University of Oulu,Jaakko,Tyrmi,Sakari,jaakko.tyrmi@gmail.com,Plant,Plant; version 1.0,Plant.1.0,isolate,isolate,isolate,Ust-Chilma-10,age,age,age,missing,dev_stage,dev_stage,development stage,missing,geo_loc_name,geo_loc_name,geographic location,Russia:Ust-Tsilma,tissue,tissue,tissue,megagametophyte,entrez,bioproject,PRJNA592869,592869,live,2020-06-25T12:23:05.852,public,2020-06-25T00:00:00.000,2020-06-25T12:23:05.852,2019-12-10T07:18:05.476,13520325,SAMN13520325,
BioSample,1,SAMN13520324,Sample name,Puola-4,SRA,SRS5787922,Plant sample from Pinus sylvestris,Pinus sylvestris,3349,Pinus sylvestris,University of Oulu,Jaakko,Tyrmi,Sakari,jaakko.tyrmi@gmail.com,Plant,Plant; version 1.0,Plant.1.0,isolate,isolate,isolate,Puola-4,age,age,age,missing,dev_stage,dev_stage,development stage,missing,geo_loc_name,geo_loc_name,geographic location,Poland:Radom,tissue,tissue,tissue,megagametophyte,entrez,bioproject,PRJNA592869,592869,live,2020-06-25T12:23:05.445,public,2020-06-25T00:00:00.000,2020-06-25T12:23:05.445,2019-12-10T07:18:05.460,13520324,SAMN13520324,
BioSample,1,SAMN13520323,Sample name,Puola-34,SRA,SRS5787921,Plant sample from Pinus sylvestris,Pinus sylvestris,3349,Pinus sylvestris,University of Oulu,Jaakko,Tyrmi,Sakari,jaakko.tyrmi@gmail.com,Plant,Plant; version 1.0,Plant.1.0,isolate,isolate,isolate,Puola-34,age,age,age,missing,dev_stage,dev_stage,development stage,missing,geo_loc_name,geo_loc_name,geographic location,Poland:Radom,tissue,tissue,tissue,megagametophyte,entrez,bioproject,PRJNA592869,592869,live,2020-06-25T12:23:03.141,public,2020-06-25T00:00:00.000,2020-06-25T12:23:03.141,2019-12-10T07:18:05.446,13520323,SAMN13520323,
BioSample,1,SAMN13520322,Sample name,Puola-27,SRA,SRS5787919,Plant sample from Pinus sylvestris,Pinus sylvestris,3349,Pinus sylvestris,University of Oulu,Jaakko,Tyrmi,Sakari,jaakko.tyrmi@gmail.com,Plant,Plant; version 1.0,Plant.1.0,isolate,isolate,isolate,Puola-27,age,age,age,missing,dev_stage,dev_stage,development stage,missing,geo_loc_name,geo_loc_name,geographic location,Poland:Radom,tissue,tissue,tissue,megagametophyte,entrez,bioproject,PRJNA592869,592869,live,2020-06-25T12:23:05.419,public,2020-06-25T00:00:00.000,2020-06-25T12:23:05.419,2019-12-10T07:18:05.423,13520322,SAMN13520322,
BioSample,1,SAMN13520321,Sample name,Puola-25,SRA,SRS5787918,Plant sample from Pinus sylvestris,Pinus sylvestris,3349,Pinus sylvestris,University of Oulu,Jaakko,Tyrmi,Sakari,jaakko.tyrmi@gmail.com,Plant,Plant; version 1.0,Plant.1.0,isolate,isolate,isolate,Puola-25,age,age,age,missing,dev_stage,dev_stage,development stage,missing,geo_loc_name,geo_loc_name,geographic location,Poland:Radom,tissue,tissue,tissue,megagametophyte,entrez,bioproject,PRJNA592869,592869,live,2020-06-25T12:23:05.823,public,2020-06-25T00:00:00.000,2020-06-25T12:23:05.823,2019-12-10T07:18:05.406,13520321,SAMN13520321,
BioSample,1,SAMN13520320,Sample name,Puola-24,SRA,SRS5787917,Plant sample from Pinus sylvestris,Pinus sylvestris,3349,Pinus sylvestris,University of Oulu,Jaakko,Tyrmi,Sakari,jaakko.tyrmi@gmail.com,Plant,Plant; version 1.0,Plant.1.0,isolate,isolate,isolate,Puola-24,age,age,age,missing,dev_stage,dev_stage,development stage,missing,geo_loc_name,geo_loc_name,geographic location,Poland:Radom,tissue,tissue,tissue,megagametophyte,entrez,bioproject,PRJNA592869,592869,live,2020-06-25T12:23:05.393,public,2020-06-25T00:00:00.000,2020-06-25T12:23:05.393,2019-12-10T07:18:05.390,13520320,SAMN13520320,
BioSample,1,SAMN13520319,Sample name,Puola-22,SRA,SRS5787916,Plant sample from Pinus sylvestris,Pinus sylvestris,3349,Pinus sylvestris,University of Oulu,Jaakko,Tyrmi,Sakari,jaakko.tyrmi@gmail.com,Plant,Plant; version 1.0,Plant.1.0,isolate,isolate,isolate,Puola-22,age,age,age,missing,dev_stage,dev_stage,development stage,missing,geo_loc_name,geo_loc_name,geographic location,Poland:Radom,tissue,tissue,tissue,megagametophyte,entrez,bioproject,PRJNA592869,592869,live,2020-06-25T12:23:05.365,public,2020-06-25T00:00:00.000,2020-06-25T12:23:05.365,2019-12-10T07:18:05.340,13520319,SAMN13520319,
BioSample,1,SAMN13520318,Sample name,Puola-21,SRA,SRS5787915,Plant sample from Pinus sylvestris,Pinus sylvestris,3349,Pinus sylvestris,University of Oulu,Jaakko,Tyrmi,Sakari,jaakko.tyrmi@gmail.com,Plant,Plant; version 1.0,Plant.1.0,isolate,isolate,isolate,Puola-21,age,age,age,missing,dev_stage,dev_stage,development stage,missing,geo_loc_name,geo_loc_name,geographic location,Poland:Radom,tissue,tissue,tissue,megagametophyte,entrez,bioproject,PRJNA592869,592869,live,2020-06-25T12:23:05.039,public,2020-06-25T00:00:00.000,2020-06-25T12:23:05.039,2019-12-10T07:18:05.326,13520318,SAMN13520318,
BioSample,1,SAMN13520317,Sample name,Puola-19,SRA,SRS5787914,Plant sample from Pinus sylvestris,Pinus sylvestris,3349,Pinus sylvestris,University of Oulu,Jaakko,Tyrmi,Sakari,jaakko.tyrmi@gmail.com,Plant,Plant; version 1.0,Plant.1.0,isolate,isolate,isolate,Puola-19,age,age,age,missing,dev_stage,dev_stage,development stage,missing,geo_loc_name,geo_loc_name,geographic location,Poland:Radom,tissue,tissue,tissue,megagametophyte,entrez,bioproject,PRJNA592869,592869,live,2020-06-25T12:23:02.239,public,2020-06-25T00:00:00.000,2020-06-25T12:23:02.239,2019-12-10T07:18:05.310,13520317,SAMN13520317,
BioSample,1,SAMN13520316,Sample name,Puola-17,SRA,SRS5787913,Plant sample from Pinus sylvestris,Pinus sylvestris,3349,Pinus sylvestris,University of Oulu,Jaakko,Tyrmi,Sakari,jaakko.tyrmi@gmail.com,Plant,Plant; version 1.0,Plant.1.0,isolate,isolate,isolate,Puola-17,age,age,age,missing,dev_stage,dev_stage,development stage,missing,geo_loc_name,geo_loc_name,geographic location,Poland:Radom,tissue,tissue,tissue,megagametophyte,entrez,bioproject,PRJNA592869,592869,live,2020-06-25T12:23:05.797,public,2020-06-25T00:00:00.000,2020-06-25T12:23:05.797,2019-12-10T07:18:05.296,13520316,SAMN13520316,
BioSample,1,SAMN13520315,Sample name,Puola-13,SRA,SRS5787912,Plant sample from Pinus sylvestris,Pinus sylvestris,3349,Pinus sylvestris,University of Oulu,Jaakko,Tyrmi,Sakari,jaakko.tyrmi@gmail.com,Plant,Plant; version 1.0,Plant.1.0,isolate,isolate,isolate,Puola-13,age,age,age,missing,dev_stage,dev_stage,development stage,missing,geo_loc_name,geo_loc_name,geographic location,Poland:Radom,tissue,tissue,tissue,megagametophyte,entrez,bioproject,PRJNA592869,592869,live,2020-06-25T12:23:05.012,public,2020-06-25T00:00:00.000,2020-06-25T12:23:05.012,2019-12-10T07:18:05.280,13520315,SAMN13520315,
BioSample,1,SAMN13520314,Sample name,Punkaharju,SRA,SRS5787911,Plant sample from Pinus sylvestris,Pinus sylvestris,3349,Pinus sylvestris,University of Oulu,Jaakko,Tyrmi,Sakari,jaakko.tyrmi@gmail.com,Plant,Plant; version 1.0,Plant.1.0,isolate,isolate,isolate,Punkaharju,age,age,age,missing,dev_stage,dev_stage,development stage,missing,geo_loc_name,geo_loc_name,geographic location,Finland:Punkaharju,tissue,tissue,tissue,megagametophyte,entrez,bioproject,PRJNA592869,592869,live,2020-06-25T12:23:02.297,public,2020-06-25T00:00:00.000,2020-06-25T12:23:02.297,2019-12-10T07:18:05.263,13520314,SAMN13520314,
BioSample,1,SAMN13520313,Sample name,Punkaharju-95,SRA,SRS5787910,Plant sample from Pinus sylvestris,Pinus sylvestris,3349,Pinus sylvestris,University of Oulu,Jaakko,Tyrmi,Sakari,jaakko.tyrmi@gmail.com,Plant,Plant; version 1.0,Plant.1.0,isolate,isolate,isolate,Punkaharju-95,age,age,age,missing,dev_stage,dev_stage,development stage,missing,geo_loc_name,geo_loc_name,geographic location,Finland:Punkaharju,tissue,tissue,tissue,megagametophyte,entrez,bioproject,PRJNA592869,592869,live,2020-06-25T12:23:03.115,public,2020-06-25T00:00:00.000,2020-06-25T12:23:03.115,2019-12-10T07:18:05.250,13520313,SAMN13520313,
BioSample,1,SAMN13520312,Sample name,Punkaharju-520,SRA,SRS5787908,Plant sample from Pinus sylvestris,Pinus sylvestris,3349,Pinus sylvestris,University of Oulu,Jaakko,Tyrmi,Sakari,jaakko.tyrmi@gmail.com,Plant,Plant; version 1.0,Plant.1.0,isolate,isolate,isolate,Punkaharju-520,age,age,age,missing,dev_stage,dev_stage,development stage,missing,geo_loc_name,geo_loc_name,geographic location,Finland:Punkaharju,tissue,tissue,tissue,megagametophyte,entrez,bioproject,PRJNA592869,592869,live,2020-06-25T12:23:05.770,public,2020-06-25T00:00:00.000,2020-06-25T12:23:05.770,2019-12-10T07:18:05.233,13520312,SAMN13520312,
BioSample,1,SAMN13520311,Sample name,Punkaharju-498,SRA,SRS5787907,Plant sample from Pinus sylvestris,Pinus sylvestris,3349,Pinus sylvestris,University of Oulu,Jaakko,Tyrmi,Sakari,jaakko.tyrmi@gmail.com,Plant,Plant; version 1.0,Plant.1.0,isolate,isolate,isolate,Punkaharju-498,age,age,age,missing,dev_stage,dev_stage,development stage,missing,geo_loc_name,geo_loc_name,geographic location,Finland:Punkaharju,tissue,tissue,tissue,megagametophyte,entrez,bioproject,PRJNA592869,592869,live,2020-06-25T12:23:04.946,public,2020-06-25T00:00:00.000,2020-06-25T12:23:04.946,2019-12-10T07:18:05.220,13520311,SAMN13520311,
BioSample,1,SAMN13520310,Sample name,Punkaharju-485,SRA,SRS5787906,Plant sample from Pinus sylvestris,Pinus sylvestris,3349,Pinus sylvestris,University of Oulu,Jaakko,Tyrmi,Sakari,jaakko.tyrmi@gmail.com,Plant,Plant; version 1.0,Plant.1.0,isolate,isolate,isolate,Punkaharju-485,age,age,age,missing,dev_stage,dev_stage,development stage,missing,geo_loc_name,geo_loc_name,geographic location,Finland:Punkaharju,tissue,tissue,tissue,megagametophyte,entrez,bioproject,PRJNA592869,592869,live,2020-06-25T12:23:03.090,public,2020-06-25T00:00:00.000,2020-06-25T12:23:03.090,2019-12-10T07:18:05.203,13520310,SAMN13520310,
BioSample,1,SAMN13520309,Sample name,Punkaharju-463,SRA,SRS5787905,Plant sample from Pinus sylvestris,Pinus sylvestris,3349,Pinus sylvestris,University of Oulu,Jaakko,Tyrmi,Sakari,jaakko.tyrmi@gmail.com,Plant,Plant; version 1.0,Plant.1.0,isolate,isolate,isolate,Punkaharju-463,age,age,age,missing,dev_stage,dev_stage,development stage,missing,geo_loc_name,geo_loc_name,geographic location,Finland:Punkaharju,tissue,tissue,tissue,megagametophyte,entrez,bioproject,PRJNA592869,592869,live,2020-06-25T12:23:02.324,public,2020-06-25T00:00:00.000,2020-06-25T12:23:02.324,2019-12-10T07:18:05.190,13520309,SAMN13520309,
BioSample,1,SAMN13520308,Sample name,Punkaharju-445,SRA,SRS5787904,Plant sample from Pinus sylvestris,Pinus sylvestris,3349,Pinus sylvestris,University of Oulu,Jaakko,Tyrmi,Sakari,jaakko.tyrmi@gmail.com,Plant,Plant; version 1.0,Plant.1.0,isolate,isolate,isolate,Punkaharju-445,age,age,age,missing,dev_stage,dev_stage,development stage,missing,geo_loc_name,geo_loc_name,geographic location,Finland:Punkaharju,tissue,tissue,tissue,megagametophyte,entrez,bioproject,PRJNA592869,592869,live,2020-06-25T12:23:04.920,public,2020-06-25T00:00:00.000,2020-06-25T12:23:04.920,2019-12-10T07:18:05.173,13520308,SAMN13520308,
BioSample,1,SAMN13520307,Sample name,Punkaharju-443,SRA,SRS5787903,Plant sample from Pinus sylvestris,Pinus sylvestris,3349,Pinus sylvestris,University of Oulu,Jaakko,Tyrmi,Sakari,jaakko.tyrmi@gmail.com,Plant,Plant; version 1.0,Plant.1.0,isolate,isolate,isolate,Punkaharju-443,age,age,age,missing,dev_stage,dev_stage,development stage,missing,geo_loc_name,geo_loc_name,geographic location,Finland:Punkaharju,tissue,tissue,tissue,megagametophyte,entrez,bioproject,PRJNA592869,592869,live,2020-06-25T12:23:04.893,public,2020-06-25T00:00:00.000,2020-06-25T12:23:04.893,2019-12-10T07:18:05.160,13520307,SAMN13520307,
BioSample,1,SAMN13520306,Sample name,Punkaharju-397,SRA,SRS5787902,Plant sample from Pinus sylvestris,Pinus sylvestris,3349,Pinus sylvestris,University of Oulu,Jaakko,Tyrmi,Sakari,jaakko.tyrmi@gmail.com,Plant,Plant; version 1.0,Plant.1.0,isolate,isolate,isolate,Punkaharju-397,age,age,age,missing,dev_stage,dev_stage,development stage,missing,geo_loc_name,geo_loc_name,geographic location,Finland:Punkaharju,tissue,tissue,tissue,megagametophyte,entrez,bioproject,PRJNA592869,592869,live,2020-06-25T12:23:03.065,public,2020-06-25T00:00:00.000,2020-06-25T12:23:03.065,2019-12-10T07:18:05.143,13520306,SAMN13520306,
BioSample,1,SAMN13520305,Sample name,Punkaharju-390,SRA,SRS5787901,Plant sample from Pinus sylvestris,Pinus sylvestris,3349,Pinus sylvestris,University of Oulu,Jaakko,Tyrmi,Sakari,jaakko.tyrmi@gmail.com,Plant,Plant; version 1.0,Plant.1.0,isolate,isolate,isolate,Punkaharju-390,age,age,age,missing,dev_stage,dev_stage,development stage,missing,geo_loc_name,geo_loc_name,geographic location,Finland:Punkaharju,tissue,tissue,tissue,megagametophyte,entrez,bioproject,PRJNA592869,592869,live,2020-06-25T12:23:02.125,public,2020-06-25T00:00:00.000,2020-06-25T12:23:02.125,2019-12-10T07:18:05.130,13520305,SAMN13520305,
BioSample,1,SAMN13520304,Sample name,Punkaharju-382,SRA,SRS5787900,Plant sample from Pinus sylvestris,Pinus sylvestris,3349,Pinus sylvestris,University of Oulu,Jaakko,Tyrmi,Sakari,jaakko.tyrmi@gmail.com,Plant,Plant; version 1.0,Plant.1.0,isolate,isolate,isolate,Punkaharju-382,age,age,age,missing,dev_stage,dev_stage,development stage,missing,geo_loc_name,geo_loc_name,geographic location,Finland:Punkaharju,tissue,tissue,tissue,megagametophyte,entrez,bioproject,PRJNA592869,592869,live,2020-06-25T12:23:04.867,public,2020-06-25T00:00:00.000,2020-06-25T12:23:04.867,2019-12-10T07:18:05.113,13520304,SAMN13520304,
BioSample,1,SAMN13520303,Sample name,Punkaharju-375,SRA,SRS5787899,Plant sample from Pinus sylvestris,Pinus sylvestris,3349,Pinus sylvestris,University of Oulu,Jaakko,Tyrmi,Sakari,jaakko.tyrmi@gmail.com,Plant,Plant; version 1.0,Plant.1.0,isolate,isolate,isolate,Punkaharju-375,age,age,age,missing,dev_stage,dev_stage,development stage,missing,geo_loc_name,geo_loc_name,geographic location,Finland:Punkaharju,tissue,tissue,tissue,megagametophyte,entrez,bioproject,PRJNA592869,592869,live,2020-06-25T12:23:03.040,public,2020-06-25T00:00:00.000,2020-06-25T12:23:03.040,2019-12-10T07:18:05.100,13520303,SAMN13520303,
BioSample,1,SAMN13520302,Sample name,Punkaharju-320,SRA,SRS5787897,Plant sample from Pinus sylvestris,Pinus sylvestris,3349,Pinus sylvestris,University of Oulu,Jaakko,Tyrmi,Sakari,jaakko.tyrmi@gmail.com,Plant,Plant; version 1.0,Plant.1.0,isolate,isolate,isolate,Punkaharju-320,age,age,age,missing,dev_stage,dev_stage,development stage,missing,geo_loc_name,geo_loc_name,geographic location,Finland:Punkaharju,tissue,tissue,tissue,megagametophyte,entrez,bioproject,PRJNA592869,592869,live,2020-06-25T12:23:04.839,public,2020-06-25T00:00:00.000,2020-06-25T12:23:04.839,2019-12-10T07:18:05.083,13520302,SAMN13520302,
BioSample,1,SAMN13520301,Sample name,Punkaharju-301,SRA,SRS5787896,Plant sample from Pinus sylvestris,Pinus sylvestris,3349,Pinus sylvestris,University of Oulu,Jaakko,Tyrmi,Sakari,jaakko.tyrmi@gmail.com,Plant,Plant; version 1.0,Plant.1.0,isolate,isolate,isolate,Punkaharju-301,age,age,age,missing,dev_stage,dev_stage,development stage,missing,geo_loc_name,geo_loc_name,geographic location,Finland:Punkaharju,tissue,tissue,tissue,megagametophyte,entrez,bioproject,PRJNA592869,592869,live,2020-06-25T12:23:04.812,public,2020-06-25T00:00:00.000,2020-06-25T12:23:04.812,2019-12-10T07:18:05.066,13520301,SAMN13520301,
BioSample,1,SAMN13520300,Sample name,Punkaharju-2,SRA,SRS5787895,Plant sample from Pinus sylvestris,Pinus sylvestris,3349,Pinus sylvestris,University of Oulu,Jaakko,Tyrmi,Sakari,jaakko.tyrmi@gmail.com,Plant,Plant; version 1.0,Plant.1.0,isolate,isolate,isolate,Punkaharju-2,age,age,age,missing,dev_stage,dev_stage,development stage,missing,geo_loc_name,geo_loc_name,geographic location,Finland:Punkaharju,tissue,tissue,tissue,megagametophyte,entrez,bioproject,PRJNA592869,592869,live,2020-06-25T12:23:03.014,public,2020-06-25T00:00:00.000,2020-06-25T12:23:03.014,2019-12-10T07:18:05.050,13520300,SAMN13520300,
BioSample,1,SAMN13520299,Sample name,Punkaharju-251,SRA,SRS5787894,Plant sample from Pinus sylvestris,Pinus sylvestris,3349,Pinus sylvestris,University of Oulu,Jaakko,Tyrmi,Sakari,jaakko.tyrmi@gmail.com,Plant,Plant; version 1.0,Plant.1.0,isolate,isolate,isolate,Punkaharju-251,age,age,age,missing,dev_stage,dev_stage,development stage,missing,geo_loc_name,geo_loc_name,geographic location,Finland:Punkaharju,tissue,tissue,tissue,megagametophyte,entrez,bioproject,PRJNA592869,592869,live,2020-06-25T12:23:04.785,public,2020-06-25T00:00:00.000,2020-06-25T12:23:04.785,2019-12-10T07:18:05.033,13520299,SAMN13520299,
BioSample,1,SAMN13520298,Sample name,Punkaharju-203,SRA,SRS5787893,Plant sample from Pinus sylvestris,Pinus sylvestris,3349,Pinus sylvestris,University of Oulu,Jaakko,Tyrmi,Sakari,jaakko.tyrmi@gmail.com,Plant,Plant; version 1.0,Plant.1.0,isolate,isolate,isolate,Punkaharju-203,age,age,age,missing,dev_stage,dev_stage,development stage,missing,geo_loc_name,geo_loc_name,geographic location,Finland:Punkaharju,tissue,tissue,tissue,megagametophyte,entrez,bioproject,PRJNA592869,592869,live,2020-06-25T12:23:04.759,public,2020-06-25T00:00:00.000,2020-06-25T12:23:04.759,2019-12-10T07:18:05.016,13520298,SAMN13520298,
BioSample,1,SAMN13520297,Sample name,Punkaharju-141,SRA,SRS5787892,Plant sample from Pinus sylvestris,Pinus sylvestris,3349,Pinus sylvestris,University of Oulu,Jaakko,Tyrmi,Sakari,jaakko.tyrmi@gmail.com,Plant,Plant; version 1.0,Plant.1.0,isolate,isolate,isolate,Punkaharju-141,age,age,age,missing,dev_stage,dev_stage,development stage,missing,geo_loc_name,geo_loc_name,geographic location,Finland:Punkaharju,tissue,tissue,tissue,megagametophyte,entrez,bioproject,PRJNA592869,592869,live,2020-06-25T12:23:04.728,public,2020-06-25T00:00:00.000,2020-06-25T12:23:04.728,2019-12-10T07:18:05.000,13520297,SAMN13520297,
BioSample,1,SAMN13520296,Sample name,Penzenskaja-9,SRA,SRS5787891,Plant sample from Pinus sylvestris,Pinus sylvestris,3349,Pinus sylvestris,University of Oulu,Jaakko,Tyrmi,Sakari,jaakko.tyrmi@gmail.com,Plant,Plant; version 1.0,Plant.1.0,isolate,isolate,isolate,Penzenskaja-9,age,age,age,missing,dev_stage,dev_stage,development stage,missing,geo_loc_name,geo_loc_name,geographic location,Russia:Penzenskaya oblast,tissue,tissue,tissue,megagametophyte,entrez,bioproject,PRJNA592869,592869,live,2020-06-25T12:23:02.987,public,2020-06-25T00:00:00.000,2020-06-25T12:23:02.987,2019-12-10T07:18:04.983,13520296,SAMN13520296,
BioSample,1,SAMN13520295,Sample name,Penzenskaja-8,SRA,SRS5787890,Plant sample from Pinus sylvestris,Pinus sylvestris,3349,Pinus sylvestris,University of Oulu,Jaakko,Tyrmi,Sakari,jaakko.tyrmi@gmail.com,Plant,Plant; version 1.0,Plant.1.0,isolate,isolate,isolate,Penzenskaja-8,age,age,age,missing,dev_stage,dev_stage,development stage,missing,geo_loc_name,geo_loc_name,geographic location,Russia:Penzenskaya oblast,tissue,tissue,tissue,megagametophyte,entrez,bioproject,PRJNA592869,592869,live,2020-06-25T12:23:04.702,public,2020-06-25T00:00:00.000,2020-06-25T12:23:04.702,2019-12-10T07:18:04.970,13520295,SAMN13520295,
BioSample,1,SAMN13520294,Sample name,Penzenskaja-7,SRA,SRS5787889,Plant sample from Pinus sylvestris,Pinus sylvestris,3349,Pinus sylvestris,University of Oulu,Jaakko,Tyrmi,Sakari,jaakko.tyrmi@gmail.com,Plant,Plant; version 1.0,Plant.1.0,isolate,isolate,isolate,Penzenskaja-7,age,age,age,missing,dev_stage,dev_stage,development stage,missing,geo_loc_name,geo_loc_name,geographic location,Russia:Penzenskaya oblast,tissue,tissue,tissue,megagametophyte,entrez,bioproject,PRJNA592869,592869,live,2020-06-25T12:23:04.674,public,2020-06-25T00:00:00.000,2020-06-25T12:23:04.674,2019-12-10T07:18:04.953,13520294,SAMN13520294,
BioSample,1,SAMN13520293,Sample name,Penzenskaja-6,SRA,SRS5787888,Plant sample from Pinus sylvestris,Pinus sylvestris,3349,Pinus sylvestris,University of Oulu,Jaakko,Tyrmi,Sakari,jaakko.tyrmi@gmail.com,Plant,Plant; version 1.0,Plant.1.0,isolate,isolate,isolate,Penzenskaja-6,age,age,age,missing,dev_stage,dev_stage,development stage,missing,geo_loc_name,geo_loc_name,geographic location,Russia:Penzenskaya oblast,tissue,tissue,tissue,megagametophyte,entrez,bioproject,PRJNA592869,592869,live,2020-06-25T12:23:04.647,public,2020-06-25T00:00:00.000,2020-06-25T12:23:04.647,2019-12-10T07:18:04.940,13520293,SAMN13520293,
BioSample,1,SAMN13520292,Sample name,Penzenskaja-5,SRA,SRS5787886,Plant sample from Pinus sylvestris,Pinus sylvestris,3349,Pinus sylvestris,University of Oulu,Jaakko,Tyrmi,Sakari,jaakko.tyrmi@gmail.com,Plant,Plant; version 1.0,Plant.1.0,isolate,isolate,isolate,Penzenskaja-5,age,age,age,missing,dev_stage,dev_stage,development stage,missing,geo_loc_name,geo_loc_name,geographic location,Russia:Penzenskaya oblast,tissue,tissue,tissue,megagametophyte,entrez,bioproject,PRJNA592869,592869,live,2020-06-25T12:23:04.621,public,2020-06-25T00:00:00.000,2020-06-25T12:23:04.621,2019-12-10T07:18:04.923,13520292,SAMN13520292,
BioSample,1,SAMN13520291,Sample name,Penzenskaja-4,SRA,SRS5787885,Plant sample from Pinus sylvestris,Pinus sylvestris,3349,Pinus sylvestris,University of Oulu,Jaakko,Tyrmi,Sakari,jaakko.tyrmi@gmail.com,Plant,Plant; version 1.0,Plant.1.0,isolate,isolate,isolate,Penzenskaja-4,age,age,age,missing,dev_stage,dev_stage,development stage,missing,geo_loc_name,geo_loc_name,geographic location,Russia:Penzenskaya oblast,tissue,tissue,tissue,megagametophyte,entrez,bioproject,PRJNA592869,592869,live,2020-06-25T12:23:04.594,public,2020-06-25T00:00:00.000,2020-06-25T12:23:04.594,2019-12-10T07:18:04.910,13520291,SAMN13520291,
BioSample,1,SAMN13520290,Sample name,Penzenskaja-3,SRA,SRS5787884,Plant sample from Pinus sylvestris,Pinus sylvestris,3349,Pinus sylvestris,University of Oulu,Jaakko,Tyrmi,Sakari,jaakko.tyrmi@gmail.com,Plant,Plant; version 1.0,Plant.1.0,isolate,isolate,isolate,Penzenskaja-3,age,age,age,missing,dev_stage,dev_stage,development stage,missing,geo_loc_name,geo_loc_name,geographic location,Russia:Penzenskaya oblast,tissue,tissue,tissue,megagametophyte,entrez,bioproject,PRJNA592869,592869,live,2020-06-25T12:23:04.566,public,2020-06-25T00:00:00.000,2020-06-25T12:23:04.566,2019-12-10T07:18:04.893,13520290,SAMN13520290,
BioSample,1,SAMN13520289,Sample name,Penzenskaja-2,SRA,SRS5787883,Plant sample from Pinus sylvestris,Pinus sylvestris,3349,Pinus sylvestris,University of Oulu,Jaakko,Tyrmi,Sakari,jaakko.tyrmi@gmail.com,Plant,Plant; version 1.0,Plant.1.0,isolate,isolate,isolate,Penzenskaja-2,age,age,age,missing,dev_stage,dev_stage,development stage,missing,geo_loc_name,geo_loc_name,geographic location,Russia:Penzenskaya oblast,tissue,tissue,tissue,megagametophyte,entrez,bioproject,PRJNA592869,592869,live,2020-06-25T12:23:04.539,public,2020-06-25T00:00:00.000,2020-06-25T12:23:04.539,2019-12-10T07:18:04.876,13520289,SAMN13520289,
BioSample,1,SAMN13520288,Sample name,Penzenskaja-1,SRA,SRS5787882,Plant sample from Pinus sylvestris,Pinus sylvestris,3349,Pinus sylvestris,University of Oulu,Jaakko,Tyrmi,Sakari,jaakko.tyrmi@gmail.com,Plant,Plant; version 1.0,Plant.1.0,isolate,isolate,isolate,Penzenskaja-1,age,age,age,missing,dev_stage,dev_stage,development stage,missing,geo_loc_name,geo_loc_name,geographic location,Russia:Penzenskaya oblast,tissue,tissue,tissue,megagametophyte,entrez,bioproject,PRJNA592869,592869,live,2020-06-25T12:23:04.514,public,2020-06-25T00:00:00.000,2020-06-25T12:23:04.514,2019-12-10T07:18:04.860,13520288,SAMN13520288,
BioSample,1,SAMN13520287,Sample name,Penzenskaja-10,SRA,SRS5787881,Plant sample from Pinus sylvestris,Pinus sylvestris,3349,Pinus sylvestris,University of Oulu,Jaakko,Tyrmi,Sakari,jaakko.tyrmi@gmail.com,Plant,Plant; version 1.0,Plant.1.0,isolate,isolate,isolate,Penzenskaja-10,age,age,age,missing,dev_stage,dev_stage,development stage,missing,geo_loc_name,geo_loc_name,geographic location,Russia:Penzenskaya oblast,tissue,tissue,tissue,megagametophyte,entrez,bioproject,PRJNA592869,592869,live,2020-06-25T12:23:01.970,public,2020-06-25T00:00:00.000,2020-06-25T12:23:01.970,2019-12-10T07:18:04.843,13520287,SAMN13520287,
BioSample,1,SAMN13520286,Sample name,Megdurechensk-9,SRA,SRS5787880,Plant sample from Pinus sylvestris,Pinus sylvestris,3349,Pinus sylvestris,University of Oulu,Jaakko,Tyrmi,Sakari,jaakko.tyrmi@gmail.com,Plant,Plant; version 1.0,Plant.1.0,isolate,isolate,isolate,Megdurechensk-9,age,age,age,missing,dev_stage,dev_stage,development stage,missing,geo_loc_name,geo_loc_name,geographic location,Russia:Mezhdurechensk in Udorsky District,tissue,tissue,tissue,megagametophyte,entrez,bioproject,PRJNA592869,592869,live,2020-06-25T12:23:04.486,public,2020-06-25T00:00:00.000,2020-06-25T12:23:04.486,2019-12-10T07:18:04.826,13520286,SAMN13520286,
BioSample,1,SAMN13520285,Sample name,Megdurechensk-8,SRA,SRS5787879,Plant sample from Pinus sylvestris,Pinus sylvestris,3349,Pinus sylvestris,University of Oulu,Jaakko,Tyrmi,Sakari,jaakko.tyrmi@gmail.com,Plant,Plant; version 1.0,Plant.1.0,isolate,isolate,isolate,Megdurechensk-8,age,age,age,missing,dev_stage,dev_stage,development stage,missing,geo_loc_name,geo_loc_name,geographic location,Russia:Mezhdurechensk in Udorsky District,tissue,tissue,tissue,megagametophyte,entrez,bioproject,PRJNA592869,592869,live,2020-06-25T12:23:04.459,public,2020-06-25T00:00:00.000,2020-06-25T12:23:04.459,2019-12-10T07:18:04.810,13520285,SAMN13520285,
BioSample,1,SAMN13520284,Sample name,Megdurechensk-7,SRA,SRS5787878,Plant sample from Pinus sylvestris,Pinus sylvestris,3349,Pinus sylvestris,University of Oulu,Jaakko,Tyrmi,Sakari,jaakko.tyrmi@gmail.com,Plant,Plant; version 1.0,Plant.1.0,isolate,isolate,isolate,Megdurechensk-7,age,age,age,missing,dev_stage,dev_stage,development stage,missing,geo_loc_name,geo_loc_name,geographic location,Russia:Mezhdurechensk in Udorsky District,tissue,tissue,tissue,megagametophyte,entrez,bioproject,PRJNA592869,592869,live,2020-06-25T12:23:02.960,public,2020-06-25T00:00:00.000,2020-06-25T12:23:02.960,2019-12-10T07:18:04.796,13520284,SAMN13520284,
BioSample,1,SAMN13520283,Sample name,Megdurechensk-6,SRA,SRS5787877,Plant sample from Pinus sylvestris,Pinus sylvestris,3349,Pinus sylvestris,University of Oulu,Jaakko,Tyrmi,Sakari,jaakko.tyrmi@gmail.com,Plant,Plant; version 1.0,Plant.1.0,isolate,isolate,isolate,Megdurechensk-6,age,age,age,missing,dev_stage,dev_stage,development stage,missing,geo_loc_name,geo_loc_name,geographic location,Russia:Mezhdurechensk in Udorsky District,tissue,tissue,tissue,megagametophyte,entrez,bioproject,PRJNA592869,592869,live,2020-06-25T12:23:04.433,public,2020-06-25T00:00:00.000,2020-06-25T12:23:04.433,2019-12-10T07:18:04.780,13520283,SAMN13520283,
BioSample,1,SAMN13520282,Sample name,Megdurechensk-5,SRA,SRS5787875,Plant sample from Pinus sylvestris,Pinus sylvestris,3349,Pinus sylvestris,University of Oulu,Jaakko,Tyrmi,Sakari,jaakko.tyrmi@gmail.com,Plant,Plant; version 1.0,Plant.1.0,isolate,isolate,isolate,Megdurechensk-5,age,age,age,missing,dev_stage,dev_stage,development stage,missing,geo_loc_name,geo_loc_name,geographic location,Russia:Mezhdurechensk in Udorsky District,tissue,tissue,tissue,megagametophyte,entrez,bioproject,PRJNA592869,592869,live,2020-06-25T12:23:02.375,public,2020-06-25T00:00:00.000,2020-06-25T12:23:02.375,2019-12-10T07:18:04.763,13520282,SAMN13520282,
BioSample,1,SAMN13520281,Sample name,Megdurechensk-4,SRA,SRS5787874,Plant sample from Pinus sylvestris,Pinus sylvestris,3349,Pinus sylvestris,University of Oulu,Jaakko,Tyrmi,Sakari,jaakko.tyrmi@gmail.com,Plant,Plant; version 1.0,Plant.1.0,isolate,isolate,isolate,Megdurechensk-4,age,age,age,missing,dev_stage,dev_stage,development stage,missing,geo_loc_name,geo_loc_name,geographic location,Russia:Mezhdurechensk in Udorsky District,tissue,tissue,tissue,megagametophyte,entrez,bioproject,PRJNA592869,592869,live,2020-06-25T12:23:05.741,public,2020-06-25T00:00:00.000,2020-06-25T12:23:05.741,2019-12-10T07:18:04.750,13520281,SAMN13520281,
BioSample,1,SAMN13520280,Sample name,Megdurechensk-3,SRA,SRS5787873,Plant sample from Pinus sylvestris,Pinus sylvestris,3349,Pinus sylvestris,University of Oulu,Jaakko,Tyrmi,Sakari,jaakko.tyrmi@gmail.com,Plant,Plant; version 1.0,Plant.1.0,isolate,isolate,isolate,Megdurechensk-3,age,age,age,missing,dev_stage,dev_stage,development stage,missing,geo_loc_name,geo_loc_name,geographic location,Russia:Mezhdurechensk in Udorsky District,tissue,tissue,tissue,megagametophyte,entrez,bioproject,PRJNA592869,592869,live,2020-06-25T12:23:04.406,public,2020-06-25T00:00:00.000,2020-06-25T12:23:04.406,2019-12-10T07:18:04.733,13520280,SAMN13520280,
BioSample,1,SAMN13520279,Sample name,Megdurechensk-2,SRA,SRS5787872,Plant sample from Pinus sylvestris,Pinus sylvestris,3349,Pinus sylvestris,University of Oulu,Jaakko,Tyrmi,Sakari,jaakko.tyrmi@gmail.com,Plant,Plant; version 1.0,Plant.1.0,isolate,isolate,isolate,Megdurechensk-2,age,age,age,missing,dev_stage,dev_stage,development stage,missing,geo_loc_name,geo_loc_name,geographic location,Russia:Mezhdurechensk in Udorsky District,tissue,tissue,tissue,megagametophyte,entrez,bioproject,PRJNA592869,592869,live,2020-06-25T12:23:02.933,public,2020-06-25T00:00:00.000,2020-06-25T12:23:02.933,2019-12-10T07:18:04.720,13520279,SAMN13520279,
BioSample,1,SAMN13520278,Sample name,Megdurechensk-1,SRA,SRS5787871,Plant sample from Pinus sylvestris,Pinus sylvestris,3349,Pinus sylvestris,University of Oulu,Jaakko,Tyrmi,Sakari,jaakko.tyrmi@gmail.com,Plant,Plant; version 1.0,Plant.1.0,isolate,isolate,isolate,Megdurechensk-1,age,age,age,missing,dev_stage,dev_stage,development stage,missing,geo_loc_name,geo_loc_name,geographic location,Russia:Mezhdurechensk in Udorsky District,tissue,tissue,tissue,megagametophyte,entrez,bioproject,PRJNA592869,592869,live,2020-06-25T12:23:02.906,public,2020-06-25T00:00:00.000,2020-06-25T12:23:02.906,2019-12-10T07:18:04.703,13520278,SAMN13520278,
BioSample,1,SAMN13520277,Sample name,Megdurechensk-10,SRA,SRS5787870,Plant sample from Pinus sylvestris,Pinus sylvestris,3349,Pinus sylvestris,University of Oulu,Jaakko,Tyrmi,Sakari,jaakko.tyrmi@gmail.com,Plant,Plant; version 1.0,Plant.1.0,isolate,isolate,isolate,Megdurechensk-10,age,age,age,missing,dev_stage,dev_stage,development stage,missing,geo_loc_name,geo_loc_name,geographic location,Russia:Mezhdurechensk in Udorsky District,tissue,tissue,tissue,megagametophyte,entrez,bioproject,PRJNA592869,592869,live,2020-06-25T12:23:04.372,public,2020-06-25T00:00:00.000,2020-06-25T12:23:04.372,2019-12-10T07:18:04.683,13520277,SAMN13520277,
BioSample,1,SAMN13520276,Sample name,Latvia-9,SRA,SRS5787869,Plant sample from Pinus sylvestris,Pinus sylvestris,3349,Pinus sylvestris,University of Oulu,Jaakko,Tyrmi,Sakari,jaakko.tyrmi@gmail.com,Plant,Plant; version 1.0,Plant.1.0,isolate,isolate,isolate,Latvia-9,age,age,age,missing,dev_stage,dev_stage,development stage,missing,geo_loc_name,geo_loc_name,geographic location,Latvia:Kalsnava,tissue,tissue,tissue,megagametophyte,entrez,bioproject,PRJNA592869,592869,live,2020-06-25T12:23:02.881,public,2020-06-25T00:00:00.000,2020-06-25T12:23:02.881,2019-12-10T07:18:04.670,13520276,SAMN13520276,
BioSample,1,SAMN13520275,Sample name,Latvia-8,SRA,SRS5787868,Plant sample from Pinus sylvestris,Pinus sylvestris,3349,Pinus sylvestris,University of Oulu,Jaakko,Tyrmi,Sakari,jaakko.tyrmi@gmail.com,Plant,Plant; version 1.0,Plant.1.0,isolate,isolate,isolate,Latvia-8,age,age,age,missing,dev_stage,dev_stage,development stage,missing,geo_loc_name,geo_loc_name,geographic location,Latvia:Kalsnava,tissue,tissue,tissue,megagametophyte,entrez,bioproject,PRJNA592869,592869,live,2020-06-25T12:23:04.346,public,2020-06-25T00:00:00.000,2020-06-25T12:23:04.346,2019-12-10T07:18:04.653,13520275,SAMN13520275,
BioSample,1,SAMN13520274,Sample name,Latvia-7,SRA,SRS5787867,Plant sample from Pinus sylvestris,Pinus sylvestris,3349,Pinus sylvestris,University of Oulu,Jaakko,Tyrmi,Sakari,jaakko.tyrmi@gmail.com,Plant,Plant; version 1.0,Plant.1.0,isolate,isolate,isolate,Latvia-7,age,age,age,missing,dev_stage,dev_stage,development stage,missing,geo_loc_name,geo_loc_name,geographic location,Latvia:Kalsnava,tissue,tissue,tissue,megagametophyte,entrez,bioproject,PRJNA592869,592869,live,2020-06-25T12:23:04.320,public,2020-06-25T00:00:00.000,2020-06-25T12:23:04.320,2019-12-10T07:18:04.636,13520274,SAMN13520274,
BioSample,1,SAMN13520273,Sample name,Latvia-6,SRA,SRS5787866,Plant sample from Pinus sylvestris,Pinus sylvestris,3349,Pinus sylvestris,University of Oulu,Jaakko,Tyrmi,Sakari,jaakko.tyrmi@gmail.com,Plant,Plant; version 1.0,Plant.1.0,isolate,isolate,isolate,Latvia-6,age,age,age,missing,dev_stage,dev_stage,development stage,missing,geo_loc_name,geo_loc_name,geographic location,Latvia:Kalsnava,tissue,tissue,tissue,megagametophyte,entrez,bioproject,PRJNA592869,592869,live,2020-06-25T12:23:02.855,public,2020-06-25T00:00:00.000,2020-06-25T12:23:02.855,2019-12-10T07:18:04.616,13520273,SAMN13520273,
BioSample,1,SAMN13520272,Sample name,Latvia-5,SRA,SRS5787864,Plant sample from Pinus sylvestris,Pinus sylvestris,3349,Pinus sylvestris,University of Oulu,Jaakko,Tyrmi,Sakari,jaakko.tyrmi@gmail.com,Plant,Plant; version 1.0,Plant.1.0,isolate,isolate,isolate,Latvia-5,age,age,age,missing,dev_stage,dev_stage,development stage,missing,geo_loc_name,geo_loc_name,geographic location,Latvia:Kalsnava,tissue,tissue,tissue,megagametophyte,entrez,bioproject,PRJNA592869,592869,live,2020-06-25T12:23:02.150,public,2020-06-25T00:00:00.000,2020-06-25T12:23:02.150,2019-12-10T07:18:04.603,13520272,SAMN13520272,
BioSample,1,SAMN13520271,Sample name,Latvia-3,SRA,SRS5787863,Plant sample from Pinus sylvestris,Pinus sylvestris,3349,Pinus sylvestris,University of Oulu,Jaakko,Tyrmi,Sakari,jaakko.tyrmi@gmail.com,Plant,Plant; version 1.0,Plant.1.0,isolate,isolate,isolate,Latvia-3,age,age,age,missing,dev_stage,dev_stage,development stage,missing,geo_loc_name,geo_loc_name,geographic location,Latvia:Kalsnava,tissue,tissue,tissue,megagametophyte,entrez,bioproject,PRJNA592869,592869,live,2020-06-25T12:23:04.294,public,2020-06-25T00:00:00.000,2020-06-25T12:23:04.294,2019-12-10T07:18:04.586,13520271,SAMN13520271,
BioSample,1,SAMN13520270,Sample name,Latvia-2,SRA,SRS5787862,Plant sample from Pinus sylvestris,Pinus sylvestris,3349,Pinus sylvestris,University of Oulu,Jaakko,Tyrmi,Sakari,jaakko.tyrmi@gmail.com,Plant,Plant; version 1.0,Plant.1.0,isolate,isolate,isolate,Latvia-2,age,age,age,missing,dev_stage,dev_stage,development stage,missing,geo_loc_name,geo_loc_name,geographic location,Latvia:Kalsnava,tissue,tissue,tissue,megagametophyte,entrez,bioproject,PRJNA592869,592869,live,2020-06-25T12:23:04.268,public,2020-06-25T00:00:00.000,2020-06-25T12:23:04.268,2019-12-10T07:18:04.573,13520270,SAMN13520270,
BioSample,1,SAMN13520269,Sample name,Latvia-1,SRA,SRS5787861,Plant sample from Pinus sylvestris,Pinus sylvestris,3349,Pinus sylvestris,University of Oulu,Jaakko,Tyrmi,Sakari,jaakko.tyrmi@gmail.com,Plant,Plant; version 1.0,Plant.1.0,isolate,isolate,isolate,Latvia-1,age,age,age,missing,dev_stage,dev_stage,development stage,missing,geo_loc_name,geo_loc_name,geographic location,Latvia:Kalsnava,tissue,tissue,tissue,megagametophyte,entrez,bioproject,PRJNA592869,592869,live,2020-06-25T12:23:02.830,public,2020-06-25T00:00:00.000,2020-06-25T12:23:02.830,2019-12-10T07:18:04.556,13520269,SAMN13520269,
BioSample,1,SAMN13520268,Sample name,Latvia-10,SRA,SRS5787860,Plant sample from Pinus sylvestris,Pinus sylvestris,3349,Pinus sylvestris,University of Oulu,Jaakko,Tyrmi,Sakari,jaakko.tyrmi@gmail.com,Plant,Plant; version 1.0,Plant.1.0,isolate,isolate,isolate,Latvia-10,age,age,age,missing,dev_stage,dev_stage,development stage,missing,geo_loc_name,geo_loc_name,geographic location,Latvia:Kalsnava,tissue,tissue,tissue,megagametophyte,entrez,bioproject,PRJNA592869,592869,live,2020-06-25T12:23:04.241,public,2020-06-25T00:00:00.000,2020-06-25T12:23:04.241,2019-12-10T07:18:04.540,13520268,SAMN13520268,
BioSample,1,SAMN13520267,Sample name,Kolari-218,SRA,SRS5787859,Plant sample from Pinus sylvestris,Pinus sylvestris,3349,Pinus sylvestris,University of Oulu,Jaakko,Tyrmi,Sakari,jaakko.tyrmi@gmail.com,Plant,Plant; version 1.0,Plant.1.0,isolate,isolate,isolate,Kolari-218,age,age,age,missing,dev_stage,dev_stage,development stage,missing,geo_loc_name,geo_loc_name,geographic location,Finland:Kolari,tissue,tissue,tissue,megagametophyte,entrez,bioproject,PRJNA592869,592869,live,2020-06-25T12:23:05.714,public,2020-06-25T00:00:00.000,2020-06-25T12:23:05.714,2019-12-10T07:18:04.526,13520267,SAMN13520267,
BioSample,1,SAMN13520266,Sample name,Kolari-199,SRA,SRS5787858,Plant sample from Pinus sylvestris,Pinus sylvestris,3349,Pinus sylvestris,University of Oulu,Jaakko,Tyrmi,Sakari,jaakko.tyrmi@gmail.com,Plant,Plant; version 1.0,Plant.1.0,isolate,isolate,isolate,Kolari-199,age,age,age,missing,dev_stage,dev_stage,development stage,missing,geo_loc_name,geo_loc_name,geographic location,Finland:Kolari,tissue,tissue,tissue,megagametophyte,entrez,bioproject,PRJNA592869,592869,live,2020-06-25T12:23:03.843,public,2020-06-25T00:00:00.000,2020-06-25T12:23:03.843,2019-12-10T07:18:04.510,13520266,SAMN13520266,
BioSample,1,SAMN13520265,Sample name,Kolari-191,SRA,SRS5787857,Plant sample from Pinus sylvestris,Pinus sylvestris,3349,Pinus sylvestris,University of Oulu,Jaakko,Tyrmi,Sakari,jaakko.tyrmi@gmail.com,Plant,Plant; version 1.0,Plant.1.0,isolate,isolate,isolate,Kolari-191,age,age,age,missing,dev_stage,dev_stage,development stage,missing,geo_loc_name,geo_loc_name,geographic location,Finland:Kolari,tissue,tissue,tissue,megagametophyte,entrez,bioproject,PRJNA592869,592869,live,2020-06-25T12:23:02.671,public,2020-06-25T00:00:00.000,2020-06-25T12:23:02.671,2019-12-10T07:18:04.493,13520265,SAMN13520265,
BioSample,1,SAMN13520264,Sample name,Kolari-128,SRA,SRS5787856,Plant sample from Pinus sylvestris,Pinus sylvestris,3349,Pinus sylvestris,University of Oulu,Jaakko,Tyrmi,Sakari,jaakko.tyrmi@gmail.com,Plant,Plant; version 1.0,Plant.1.0,isolate,isolate,isolate,Kolari-128,age,age,age,missing,dev_stage,dev_stage,development stage,missing,geo_loc_name,geo_loc_name,geographic location,Finland:Kolari,tissue,tissue,tissue,megagametophyte,entrez,bioproject,PRJNA592869,592869,live,2020-06-25T12:23:03.814,public,2020-06-25T00:00:00.000,2020-06-25T12:23:03.814,2019-12-10T07:18:04.480,13520264,SAMN13520264,
BioSample,1,SAMN13520263,Sample name,Kolari-122,SRA,SRS5787855,Plant sample from Pinus sylvestris,Pinus sylvestris,3349,Pinus sylvestris,University of Oulu,Jaakko,Tyrmi,Sakari,jaakko.tyrmi@gmail.com,Plant,Plant; version 1.0,Plant.1.0,isolate,isolate,isolate,Kolari-122,age,age,age,missing,dev_stage,dev_stage,development stage,missing,geo_loc_name,geo_loc_name,geographic location,Finland:Kolari,tissue,tissue,tissue,megagametophyte,entrez,bioproject,PRJNA592869,592869,live,2020-06-25T12:23:03.788,public,2020-06-25T00:00:00.000,2020-06-25T12:23:03.788,2019-12-10T07:18:04.463,13520263,SAMN13520263,
BioSample,1,SAMN13520262,Sample name,Kolari-100,SRA,SRS5787853,Plant sample from Pinus sylvestris,Pinus sylvestris,3349,Pinus sylvestris,University of Oulu,Jaakko,Tyrmi,Sakari,jaakko.tyrmi@gmail.com,Plant,Plant; version 1.0,Plant.1.0,isolate,isolate,isolate,Kolari-100,age,age,age,missing,dev_stage,dev_stage,development stage,missing,geo_loc_name,geo_loc_name,geographic location,Finland:Kolari,tissue,tissue,tissue,megagametophyte,entrez,bioproject,PRJNA592869,592869,live,2020-06-25T12:23:05.607,public,2020-06-25T00:00:00.000,2020-06-25T12:23:05.607,2019-12-10T07:18:04.446,13520262,SAMN13520262,
BioSample,1,SAMN13520261,Sample name,Kol-32,SRA,SRS5787852,Plant sample from Pinus sylvestris,Pinus sylvestris,3349,Pinus sylvestris,University of Oulu,Jaakko,Tyrmi,Sakari,jaakko.tyrmi@gmail.com,Plant,Plant; version 1.0,Plant.1.0,isolate,isolate,isolate,Kol-32,age,age,age,missing,dev_stage,dev_stage,development stage,missing,geo_loc_name,geo_loc_name,geographic location,Finland:Kolari,tissue,tissue,tissue,megagametophyte,entrez,bioproject,PRJNA592869,592869,live,2020-06-25T12:23:03.761,public,2020-06-25T00:00:00.000,2020-06-25T12:23:03.761,2019-12-10T07:18:04.433,13520261,SAMN13520261,
BioSample,1,SAMN13520260,Sample name,Kol-173,SRA,SRS5787851,Plant sample from Pinus sylvestris,Pinus sylvestris,3349,Pinus sylvestris,University of Oulu,Jaakko,Tyrmi,Sakari,jaakko.tyrmi@gmail.com,Plant,Plant; version 1.0,Plant.1.0,isolate,isolate,isolate,Kol-173,age,age,age,missing,dev_stage,dev_stage,development stage,missing,geo_loc_name,geo_loc_name,geographic location,Finland:Kolari,tissue,tissue,tissue,megagametophyte,entrez,bioproject,PRJNA592869,592869,live,2020-06-25T12:23:02.646,public,2020-06-25T00:00:00.000,2020-06-25T12:23:02.646,2019-12-10T07:18:04.416,13520260,SAMN13520260,
BioSample,1,SAMN13520259,Sample name,Kalvia-76,SRA,SRS5787850,Plant sample from Pinus sylvestris,Pinus sylvestris,3349,Pinus sylvestris,University of Oulu,Jaakko,Tyrmi,Sakari,jaakko.tyrmi@gmail.com,Plant,Plant; version 1.0,Plant.1.0,isolate,isolate,isolate,Kalvia-76,age,age,age,missing,dev_stage,dev_stage,development stage,missing,geo_loc_name,geo_loc_name,geographic location,Finland:Kalvia,tissue,tissue,tissue,megagametophyte,entrez,bioproject,PRJNA592869,592869,live,2020-06-25T12:23:02.009,public,2020-06-25T00:00:00.000,2020-06-25T12:23:02.009,2019-12-10T07:18:04.400,13520259,SAMN13520259,
BioSample,1,SAMN13520258,Sample name,Kalvia-40,SRA,SRS5787849,Plant sample from Pinus sylvestris,Pinus sylvestris,3349,Pinus sylvestris,University of Oulu,Jaakko,Tyrmi,Sakari,jaakko.tyrmi@gmail.com,Plant,Plant; version 1.0,Plant.1.0,isolate,isolate,isolate,Kalvia-40,age,age,age,missing,dev_stage,dev_stage,development stage,missing,geo_loc_name,geo_loc_name,geographic location,Finland:Kalvia,tissue,tissue,tissue,megagametophyte,entrez,bioproject,PRJNA592869,592869,live,2020-06-25T12:23:03.736,public,2020-06-25T00:00:00.000,2020-06-25T12:23:03.736,2019-12-10T07:18:04.386,13520258,SAMN13520258,
BioSample,1,SAMN13520257,Sample name,Kalvia-254,SRA,SRS5787848,Plant sample from Pinus sylvestris,Pinus sylvestris,3349,Pinus sylvestris,University of Oulu,Jaakko,Tyrmi,Sakari,jaakko.tyrmi@gmail.com,Plant,Plant; version 1.0,Plant.1.0,isolate,isolate,isolate,Kalvia-254,age,age,age,missing,dev_stage,dev_stage,development stage,missing,geo_loc_name,geo_loc_name,geographic location,Finland:Kalvia,tissue,tissue,tissue,megagametophyte,entrez,bioproject,PRJNA592869,592869,live,2020-06-25T12:23:05.578,public,2020-06-25T00:00:00.000,2020-06-25T12:23:05.578,2019-12-10T07:18:04.370,13520257,SAMN13520257,
BioSample,1,SAMN13520256,Sample name,Kalvia-23,SRA,SRS5787847,Plant sample from Pinus sylvestris,Pinus sylvestris,3349,Pinus sylvestris,University of Oulu,Jaakko,Tyrmi,Sakari,jaakko.tyrmi@gmail.com,Plant,Plant; version 1.0,Plant.1.0,isolate,isolate,isolate,Kalvia-23,age,age,age,missing,dev_stage,dev_stage,development stage,missing,geo_loc_name,geo_loc_name,geographic location,Finland:Kalvia,tissue,tissue,tissue,megagametophyte,entrez,bioproject,PRJNA592869,592869,live,2020-06-25T12:23:02.067,public,2020-06-25T00:00:00.000,2020-06-25T12:23:02.067,2019-12-10T07:18:04.353,13520256,SAMN13520256,
BioSample,1,SAMN13520255,Sample name,Kalvia-235,SRA,SRS5787846,Plant sample from Pinus sylvestris,Pinus sylvestris,3349,Pinus sylvestris,University of Oulu,Jaakko,Tyrmi,Sakari,jaakko.tyrmi@gmail.com,Plant,Plant; version 1.0,Plant.1.0,isolate,isolate,isolate,Kalvia-235,age,age,age,missing,dev_stage,dev_stage,development stage,missing,geo_loc_name,geo_loc_name,geographic location,Finland:Kalvia,tissue,tissue,tissue,megagametophyte,entrez,bioproject,PRJNA592869,592869,live,2020-06-25T12:23:03.710,public,2020-06-25T00:00:00.000,2020-06-25T12:23:03.710,2019-12-10T07:18:04.340,13520255,SAMN13520255,
BioSample,1,SAMN13520254,Sample name,Kalvia-200,SRA,SRS5787845,Plant sample from Pinus sylvestris,Pinus sylvestris,3349,Pinus sylvestris,University of Oulu,Jaakko,Tyrmi,Sakari,jaakko.tyrmi@gmail.com,Plant,Plant; version 1.0,Plant.1.0,isolate,isolate,isolate,Kalvia-200,age,age,age,missing,dev_stage,dev_stage,development stage,missing,geo_loc_name,geo_loc_name,geographic location,Finland:Kalvia,tissue,tissue,tissue,megagametophyte,entrez,bioproject,PRJNA592869,592869,live,2020-06-25T12:23:02.620,public,2020-06-25T00:00:00.000,2020-06-25T12:23:02.620,2019-12-10T07:18:04.323,13520254,SAMN13520254,
BioSample,1,SAMN13520253,Sample name,Kalvia-158,SRA,SRS5787844,Plant sample from Pinus sylvestris,Pinus sylvestris,3349,Pinus sylvestris,University of Oulu,Jaakko,Tyrmi,Sakari,jaakko.tyrmi@gmail.com,Plant,Plant; version 1.0,Plant.1.0,isolate,isolate,isolate,Kalvia-158,age,age,age,missing,dev_stage,dev_stage,development stage,missing,geo_loc_name,geo_loc_name,geographic location,Finland:Kalvia,tissue,tissue,tissue,megagametophyte,entrez,bioproject,PRJNA592869,592869,live,2020-06-25T12:23:02.594,public,2020-06-25T00:00:00.000,2020-06-25T12:23:02.594,2019-12-10T07:18:04.306,13520253,SAMN13520253,
BioSample,1,SAMN13520252,Sample name,Kalvia-152,SRA,SRS5787842,Plant sample from Pinus sylvestris,Pinus sylvestris,3349,Pinus sylvestris,University of Oulu,Jaakko,Tyrmi,Sakari,jaakko.tyrmi@gmail.com,Plant,Plant; version 1.0,Plant.1.0,isolate,isolate,isolate,Kalvia-152,age,age,age,missing,dev_stage,dev_stage,development stage,missing,geo_loc_name,geo_loc_name,geographic location,Finland:Kalvia,tissue,tissue,tissue,megagametophyte,entrez,bioproject,PRJNA592869,592869,live,2020-06-25T12:23:03.685,public,2020-06-25T00:00:00.000,2020-06-25T12:23:03.685,2019-12-10T07:18:04.293,13520252,SAMN13520252,
BioSample,1,SAMN13520251,Sample name,Kalvia-11,SRA,SRS5787841,Plant sample from Pinus sylvestris,Pinus sylvestris,3349,Pinus sylvestris,University of Oulu,Jaakko,Tyrmi,Sakari,jaakko.tyrmi@gmail.com,Plant,Plant; version 1.0,Plant.1.0,isolate,isolate,isolate,Kalvia-11,age,age,age,missing,dev_stage,dev_stage,development stage,missing,geo_loc_name,geo_loc_name,geographic location,Finland:Kalvia,tissue,tissue,tissue,megagametophyte,entrez,bioproject,PRJNA592869,592869,live,2020-06-25T12:23:02.567,public,2020-06-25T00:00:00.000,2020-06-25T12:23:02.567,2019-12-10T07:18:04.276,13520251,SAMN13520251,
BioSample,1,SAMN13520250,Sample name,Kalvia-109,SRA,SRS5787840,Plant sample from Pinus sylvestris,Pinus sylvestris,3349,Pinus sylvestris,University of Oulu,Jaakko,Tyrmi,Sakari,jaakko.tyrmi@gmail.com,Plant,Plant; version 1.0,Plant.1.0,isolate,isolate,isolate,Kalvia-109,age,age,age,missing,dev_stage,dev_stage,development stage,missing,geo_loc_name,geo_loc_name,geographic location,Finland:Kalvia,tissue,tissue,tissue,megagametophyte,entrez,bioproject,PRJNA592869,592869,live,2020-06-25T12:23:03.660,public,2020-06-25T00:00:00.000,2020-06-25T12:23:03.660,2019-12-10T07:18:04.260,13520250,SAMN13520250,
BioSample,1,SAMN13520249,Sample name,Inari-8,SRA,SRS5787839,Plant sample from Pinus sylvestris,Pinus sylvestris,3349,Pinus sylvestris,University of Oulu,Jaakko,Tyrmi,Sakari,jaakko.tyrmi@gmail.com,Plant,Plant; version 1.0,Plant.1.0,isolate,isolate,isolate,Inari-8,age,age,age,missing,dev_stage,dev_stage,development stage,missing,geo_loc_name,geo_loc_name,geographic location,Finland:Inari,tissue,tissue,tissue,megagametophyte,entrez,bioproject,PRJNA592869,592869,live,2020-06-25T12:23:03.634,public,2020-06-25T00:00:00.000,2020-06-25T12:23:03.634,2019-12-10T07:18:04.240,13520249,SAMN13520249,
BioSample,1,SAMN13520248,Sample name,Inari-56,SRA,SRS5787838,Plant sample from Pinus sylvestris,Pinus sylvestris,3349,Pinus sylvestris,University of Oulu,Jaakko,Tyrmi,Sakari,jaakko.tyrmi@gmail.com,Plant,Plant; version 1.0,Plant.1.0,isolate,isolate,isolate,Inari-56,age,age,age,missing,dev_stage,dev_stage,development stage,missing,geo_loc_name,geo_loc_name,geographic location,Finland:Inari,tissue,tissue,tissue,megagametophyte,entrez,bioproject,PRJNA592869,592869,live,2020-06-25T12:23:03.607,public,2020-06-25T00:00:00.000,2020-06-25T12:23:03.607,2019-12-10T07:18:04.173,13520248,SAMN13520248,
BioSample,1,SAMN13520247,Sample name,Inari-50,SRA,SRS5787837,Plant sample from Pinus sylvestris,Pinus sylvestris,3349,Pinus sylvestris,University of Oulu,Jaakko,Tyrmi,Sakari,jaakko.tyrmi@gmail.com,Plant,Plant; version 1.0,Plant.1.0,isolate,isolate,isolate,Inari-50,age,age,age,missing,dev_stage,dev_stage,development stage,missing,geo_loc_name,geo_loc_name,geographic location,Finland:Inari,tissue,tissue,tissue,megagametophyte,entrez,bioproject,PRJNA592869,592869,live,2020-06-25T12:23:03.320,public,2020-06-25T00:00:00.000,2020-06-25T12:23:03.320,2019-12-10T07:18:04.156,13520247,SAMN13520247,
BioSample,1,SAMN13520246,Sample name,Inari-22,SRA,SRS5787836,Plant sample from Pinus sylvestris,Pinus sylvestris,3349,Pinus sylvestris,University of Oulu,Jaakko,Tyrmi,Sakari,jaakko.tyrmi@gmail.com,Plant,Plant; version 1.0,Plant.1.0,isolate,isolate,isolate,Inari-22,age,age,age,missing,dev_stage,dev_stage,development stage,missing,geo_loc_name,geo_loc_name,geographic location,Finland:Inari,tissue,tissue,tissue,megagametophyte,entrez,bioproject,PRJNA592869,592869,live,2020-06-25T12:23:02.541,public,2020-06-25T00:00:00.000,2020-06-25T12:23:02.541,2019-12-10T07:18:04.140,13520246,SAMN13520246,
BioSample,1,SAMN13520245,Sample name,Inari-21,SRA,SRS5787835,Plant sample from Pinus sylvestris,Pinus sylvestris,3349,Pinus sylvestris,University of Oulu,Jaakko,Tyrmi,Sakari,jaakko.tyrmi@gmail.com,Plant,Plant; version 1.0,Plant.1.0,isolate,isolate,isolate,Inari-21,age,age,age,missing,dev_stage,dev_stage,development stage,missing,geo_loc_name,geo_loc_name,geographic location,Finland:Inari,tissue,tissue,tissue,megagametophyte,entrez,bioproject,PRJNA592869,592869,live,2020-06-25T12:23:02.515,public,2020-06-25T00:00:00.000,2020-06-25T12:23:02.515,2019-12-10T07:18:04.126,13520245,SAMN13520245,
BioSample,1,SAMN13520244,Sample name,Inari-187,SRA,SRS5787824,Plant sample from Pinus sylvestris,Pinus sylvestris,3349,Pinus sylvestris,University of Oulu,Jaakko,Tyrmi,Sakari,jaakko.tyrmi@gmail.com,Plant,Plant; version 1.0,Plant.1.0,isolate,isolate,isolate,Inari-187,age,age,age,missing,dev_stage,dev_stage,development stage,missing,geo_loc_name,geo_loc_name,geographic location,Finland:Inari,tissue,tissue,tissue,megagametophyte,entrez,bioproject,PRJNA592869,592869,live,2020-06-25T12:23:03.285,public,2020-06-25T00:00:00.000,2020-06-25T12:23:03.285,2019-12-10T07:18:04.110,13520244,SAMN13520244,
BioSample,1,SAMN13520243,Sample name,Inari-144,SRA,SRS5787813,Plant sample from Pinus sylvestris,Pinus sylvestris,3349,Pinus sylvestris,University of Oulu,Jaakko,Tyrmi,Sakari,jaakko.tyrmi@gmail.com,Plant,Plant; version 1.0,Plant.1.0,isolate,isolate,isolate,Inari-144,age,age,age,missing,dev_stage,dev_stage,development stage,missing,geo_loc_name,geo_loc_name,geographic location,Finland:Inari,tissue,tissue,tissue,megagametophyte,entrez,bioproject,PRJNA592869,592869,live,2020-06-25T12:23:05.551,public,2020-06-25T00:00:00.000,2020-06-25T12:23:05.551,2019-12-10T07:18:04.093,13520243,SAMN13520243,
BioSample,1,SAMN13520242,Sample name,Inari-13,SRA,SRS5787920,Plant sample from Pinus sylvestris,Pinus sylvestris,3349,Pinus sylvestris,University of Oulu,Jaakko,Tyrmi,Sakari,jaakko.tyrmi@gmail.com,Plant,Plant; version 1.0,Plant.1.0,isolate,isolate,isolate,Inari-13,age,age,age,missing,dev_stage,dev_stage,development stage,missing,geo_loc_name,geo_loc_name,geographic location,Finland:Inari,tissue,tissue,tissue,megagametophyte,entrez,bioproject,PRJNA592869,592869,live,2020-06-25T12:23:03.255,public,2020-06-25T00:00:00.000,2020-06-25T12:23:03.255,2019-12-10T07:18:04.076,13520242,SAMN13520242,
BioSample,1,SAMN13520241,Sample name,Inari-115,SRA,SRS5787909,Plant sample from Pinus sylvestris,Pinus sylvestris,3349,Pinus sylvestris,University of Oulu,Jaakko,Tyrmi,Sakari,jaakko.tyrmi@gmail.com,Plant,Plant; version 1.0,Plant.1.0,isolate,isolate,isolate,Inari-115,age,age,age,missing,dev_stage,dev_stage,development stage,missing,geo_loc_name,geo_loc_name,geographic location,Finland:Inari,tissue,tissue,tissue,megagametophyte,entrez,bioproject,PRJNA592869,592869,live,2020-06-25T12:23:02.489,public,2020-06-25T00:00:00.000,2020-06-25T12:23:02.489,2019-12-10T07:18:04.060,13520241,SAMN13520241,
BioSample,1,SAMN13520240,Sample name,Baza-5,SRA,SRS5787898,Plant sample from Pinus sylvestris,Pinus sylvestris,3349,Pinus sylvestris,University of Oulu,Jaakko,Tyrmi,Sakari,jaakko.tyrmi@gmail.com,Plant,Plant; version 1.0,Plant.1.0,isolate,isolate,isolate,Baza-5,age,age,age,missing,dev_stage,dev_stage,development stage,missing,geo_loc_name,geo_loc_name,geographic location,Spain:Baza,tissue,tissue,tissue,megagametophyte,entrez,bioproject,PRJNA592869,592869,live,2020-06-25T12:23:02.462,public,2020-06-25T00:00:00.000,2020-06-25T12:23:02.462,2019-12-10T07:18:04.043,13520240,SAMN13520240,
BioSample,1,SAMN13520239,Sample name,Baza-30,SRA,SRS5787887,Plant sample from Pinus sylvestris,Pinus sylvestris,3349,Pinus sylvestris,University of Oulu,Jaakko,Tyrmi,Sakari,jaakko.tyrmi@gmail.com,Plant,Plant; version 1.0,Plant.1.0,isolate,isolate,isolate,Baza-30,age,age,age,missing,dev_stage,dev_stage,development stage,missing,geo_loc_name,geo_loc_name,geographic location,Spain:Baza,tissue,tissue,tissue,megagametophyte,entrez,bioproject,PRJNA592869,592869,live,2020-06-25T12:23:02.436,public,2020-06-25T00:00:00.000,2020-06-25T12:23:02.436,2019-12-10T07:18:04.030,13520239,SAMN13520239,
BioSample,1,SAMN13520238,Sample name,Baza-2,SRA,SRS5787876,Plant sample from Pinus sylvestris,Pinus sylvestris,3349,Pinus sylvestris,University of Oulu,Jaakko,Tyrmi,Sakari,jaakko.tyrmi@gmail.com,Plant,Plant; version 1.0,Plant.1.0,isolate,isolate,isolate,Baza-2,age,age,age,missing,dev_stage,dev_stage,development stage,missing,geo_loc_name,geo_loc_name,geographic location,Spain:Baza,tissue,tissue,tissue,megagametophyte,entrez,bioproject,PRJNA592869,592869,live,2020-06-25T12:23:05.525,public,2020-06-25T00:00:00.000,2020-06-25T12:23:05.525,2019-12-10T07:18:04.013,13520238,SAMN13520238,
BioSample,1,SAMN13520237,Sample name,Baza-27,SRA,SRS5787865,Plant sample from Pinus sylvestris,Pinus sylvestris,3349,Pinus sylvestris,University of Oulu,Jaakko,Tyrmi,Sakari,jaakko.tyrmi@gmail.com,Plant,Plant; version 1.0,Plant.1.0,isolate,isolate,isolate,Baza-27,age,age,age,missing,dev_stage,dev_stage,development stage,missing,geo_loc_name,geo_loc_name,geographic location,Spain:Baza,tissue,tissue,tissue,megagametophyte,entrez,bioproject,PRJNA592869,592869,live,2020-06-25T12:23:03.227,public,2020-06-25T00:00:00.000,2020-06-25T12:23:03.227,2019-12-10T07:18:03.996,13520237,SAMN13520237,
BioSample,1,SAMN13520236,Sample name,Baza-24,SRA,SRS5787854,Plant sample from Pinus sylvestris,Pinus sylvestris,3349,Pinus sylvestris,University of Oulu,Jaakko,Tyrmi,Sakari,jaakko.tyrmi@gmail.com,Plant,Plant; version 1.0,Plant.1.0,isolate,isolate,isolate,Baza-24,age,age,age,missing,dev_stage,dev_stage,development stage,missing,geo_loc_name,geo_loc_name,geographic location,Spain:Baza,tissue,tissue,tissue,megagametophyte,entrez,bioproject,PRJNA592869,592869,live,2020-06-25T12:23:05.499,public,2020-06-25T00:00:00.000,2020-06-25T12:23:05.499,2019-12-10T07:18:03.983,13520236,SAMN13520236,
BioSample,1,SAMN13520235,Sample name,Baza-21,SRA,SRS5787843,Plant sample from Pinus sylvestris,Pinus sylvestris,3349,Pinus sylvestris,University of Oulu,Jaakko,Tyrmi,Sakari,jaakko.tyrmi@gmail.com,Plant,Plant; version 1.0,Plant.1.0,isolate,isolate,isolate,Baza-21,age,age,age,missing,dev_stage,dev_stage,development stage,missing,geo_loc_name,geo_loc_name,geographic location,Spain:Baza,tissue,tissue,tissue,megagametophyte,entrez,bioproject,PRJNA592869,592869,live,2020-06-25T12:23:02.039,public,2020-06-25T00:00:00.000,2020-06-25T12:23:02.039,2019-12-10T07:18:03.970,13520235,SAMN13520235,
BioSample,1,SAMN13520234,Sample name,Baza-19,SRA,SRS5787812,Plant sample from Pinus sylvestris,Pinus sylvestris,3349,Pinus sylvestris,University of Oulu,Jaakko,Tyrmi,Sakari,jaakko.tyrmi@gmail.com,Plant,Plant; version 1.0,Plant.1.0,isolate,isolate,isolate,Baza-19,age,age,age,missing,dev_stage,dev_stage,development stage,missing,geo_loc_name,geo_loc_name,geographic location,Spain:Baza,tissue,tissue,tissue,megagametophyte,entrez,bioproject,PRJNA592869,592869,live,2020-06-25T12:23:02.410,public,2020-06-25T00:00:00.000,2020-06-25T12:23:02.410,2019-12-10T07:18:03.953,13520234,SAMN13520234,
BioSample,1,SAMN13520233,Sample name,Baza-17,SRA,SRS5787811,Plant sample from Pinus sylvestris,Pinus sylvestris,3349,Pinus sylvestris,University of Oulu,Jaakko,Tyrmi,Sakari,jaakko.tyrmi@gmail.com,Plant,Plant; version 1.0,Plant.1.0,isolate,isolate,isolate,Baza-17,age,age,age,missing,dev_stage,dev_stage,development stage,missing,geo_loc_name,geo_loc_name,geographic location,Spain:Baza,tissue,tissue,tissue,megagametophyte,entrez,bioproject,PRJNA592869,592869,live,2020-06-25T12:23:03.192,public,2020-06-25T00:00:00.000,2020-06-25T12:23:03.192,2019-12-10T07:18:03.933,13520233,SAMN13520233,
