Taxon_name,Pop_ID,Sample_name,Country,Pool_Size,Lat,Long,Alt,Author,Data_type,
Boechera stricta,,Bstricta_RP028,USA,,42.499,-110.7949,,Mitchell-Olds,WGS,
Boechera stricta,,Bstricta_RP044,USA,,42.97,-109.7662,,Mitchell-Olds,WGS,
Boechera stricta,,Bstricta_RP096,USA,,42.581,-110.7396,,Mitchell-Olds,WGS,
Boechera stricta,,Bstricta_RP155,USA,,42.506,-110.6781,,Mitchell-Olds,WGS,
Boechera stricta,,Bstricta_RP176,USA,,42.475,-110.6166,,Mitchell-Olds,WGS,
Boechera stricta,,Bstricta_RP217,USA,,43.003,-109.7539,,Mitchell-Olds,WGS,
Boechera stricta,,Bstricta_RP277,USA,,42.67313,-108.8769,,Mitchell-Olds,WGS,
Boechera stricta,,Bstricta_RP304,USA,,38.99427,-107.06551,,Mitchell-Olds,WGS,
Boechera stricta,,Bstricta_RP436,USA,,45.10307,-111.87087,,Mitchell-Olds,WGS,
Boechera stricta,,Bstricta_RP437,USA,,45.02565,-111.84602,,Mitchell-Olds,WGS,
Boechera stricta,,Bstricta_RP440,USA,,44.54927,-112.0913,,Mitchell-Olds,WGS,
Boechera stricta,,Bstricta_RP443,USA,,44.4862,-112.11227,,Mitchell-Olds,WGS,
Boechera stricta,,Bstricta_RP451,USA,,45.08575,-111.86405,,Mitchell-Olds,WGS,
Boechera stricta,,Bstricta_RP452,USA,,45.05487,-111.8392,,Mitchell-Olds,WGS,
Boechera stricta,,Bstricta_RP455,USA,,44.92487,-111.83623,,Mitchell-Olds,WGS,
Boechera stricta,,Bstricta_RP458,USA,,44.8922,-111.65517,,Mitchell-Olds,WGS,
Boechera stricta,,Bstricta_RP460,USA,,40.61595,-111.50738,,Mitchell-Olds,WGS,
Boechera stricta,,Bstricta_HET21,USA,,39.64888,-107.15913,,Mitchell-Olds,WGS,
Boechera stricta,,Bstricta_RP001,USA,,38.506,-109.3189,,Mitchell-Olds,WGS,
Boechera stricta,,Bstricta_RP015,USA,,38.945,-106.9884,,Mitchell-Olds,WGS,
Boechera stricta,,Bstricta_RP026,USA,,40.693,-109.4946,,Mitchell-Olds,WGS,
Boechera stricta,,Bstricta_RP029,USA,,38.856,-107.0613,,Mitchell-Olds,WGS,
Boechera stricta,,Bstricta_RP031,USA,,39.761,-110.9194,,Mitchell-Olds,WGS,
Boechera stricta,,Bstricta_RP032,USA,,40.39963,-106.119,,Mitchell-Olds,WGS,
Boechera stricta,,Bstricta_RP034,USA,,39.90667,-105.51717,,Mitchell-Olds,WGS,
Boechera stricta,,Bstricta_RP036,USA,,38.9885,-107.0068,,Mitchell-Olds,WGS,
Boechera stricta,,Bstricta_RP042,USA,,40.001,-105.4681,,Mitchell-Olds,WGS,
Boechera stricta,,Bstricta_RP051,USA,,38.898,-107.2026,,Mitchell-Olds,WGS,
Boechera stricta,,Bstricta_RP057,USA,,38.692,-106.8229,,Mitchell-Olds,WGS,
Boechera stricta,,Bstricta_RP058,USA,,40.309,-106.0621,,Mitchell-Olds,WGS,
Boechera stricta,,Bstricta_RP065,USA,,38.9761,-106.9897,,Mitchell-Olds,WGS,
Boechera stricta,,Bstricta_RP067,USA,,38.707,-106.8045,,Mitchell-Olds,WGS,
Boechera stricta,,Bstricta_RP073,USA,,39.951,-105.5936,,Mitchell-Olds,WGS,
Boechera stricta,,Bstricta_RP077,USA,,38.9695,-106.9672,,Mitchell-Olds,WGS,
Boechera stricta,,Bstricta_RP083,USA,,38.775,-106.6269,,Mitchell-Olds,WGS,
Boechera stricta,,Bstricta_RP085,USA,,38.301,-107.3558,,Mitchell-Olds,WGS,
Boechera stricta,,Bstricta_RP086,USA,,38.73,-106.8201,,Mitchell-Olds,WGS,
Boechera stricta,,Bstricta_RP100,USA,,38.51,-109.3188,,Mitchell-Olds,WGS,
Boechera stricta,,Bstricta_RP110,USA,,38.7257,-106.7594,,Mitchell-Olds,WGS,
Boechera stricta,,Bstricta_RP111,USA,,38.762,-106.8628,,Mitchell-Olds,WGS,
Boechera stricta,,Bstricta_RP125,USA,,39.684,-105.6071,,Mitchell-Olds,WGS,
Boechera stricta,,Bstricta_RP133,USA,,40.08,-105.5325,,Mitchell-Olds,WGS,
Boechera stricta,,Bstricta_RP139,USA,,40.544,-106.625,,Mitchell-Olds,WGS,
Boechera stricta,,Bstricta_RP146,USA,,39,-107.0223,,Mitchell-Olds,WGS,
Boechera stricta,,Bstricta_RP151,USA,,38.85,-107.1009,,Mitchell-Olds,WGS,
Boechera stricta,,Bstricta_RP152,USA,,39.864,-105.4447,,Mitchell-Olds,WGS,
Boechera stricta,,Bstricta_RP153,USA,,38.543,-109.3018,,Mitchell-Olds,WGS,
Boechera stricta,,Bstricta_RP156,USA,,38.958,-106.9888,,Mitchell-Olds,WGS,
Boechera stricta,,Bstricta_RP164,USA,,38.963,-106.9876,,Mitchell-Olds,WGS,
Boechera stricta,,Bstricta_RP175,USA,,38.976,-106.9986,,Mitchell-Olds,WGS,
Boechera stricta,,Bstricta_RP195,USA,,37.8076,-109.8187,,Mitchell-Olds,WGS,
Boechera stricta,,Bstricta_RP199,USA,,44.404,-103.9384,,Mitchell-Olds,WGS,
Boechera stricta,,Bstricta_RP220,USA,,38.666,-106.8387,,Mitchell-Olds,WGS,
Boechera stricta,,Bstricta_RP221,USA,,38.858,-107.1547,,Mitchell-Olds,WGS,
Boechera stricta,,Bstricta_RP229,USA,,38.828,-106.8353,,Mitchell-Olds,WGS,
Boechera stricta,,Bstricta_RP234,USA,,38.963,-106.9925,,Mitchell-Olds,WGS,
Boechera stricta,,Bstricta_RP245,USA,,38.768,-106.766,,Mitchell-Olds,WGS,
Boechera stricta,,Bstricta_RP255,USA,,38.727,-106.7618,,Mitchell-Olds,WGS,
Boechera stricta,,Bstricta_RP261,USA,,38.7461,-106.673,,Mitchell-Olds,WGS,
Boechera stricta,,Bstricta_RP262,USA,,38.758,-106.6803,,Mitchell-Olds,WGS,
Boechera stricta,,Bstricta_RP265,USA,,38.807,-106.5632,,Mitchell-Olds,WGS,
Boechera stricta,,Bstricta_RP270,USA,,44.30075,-107.30578,,Mitchell-Olds,WGS,
Boechera stricta,,Bstricta_RP272,USA,,40.5206,-105.8927,,Mitchell-Olds,WGS,
Boechera stricta,,Bstricta_RP273,USA,,42.74451,-106.3251,,Mitchell-Olds,WGS,
Boechera stricta,,Bstricta_RP274,USA,,44.28276,-106.9916,,Mitchell-Olds,WGS,
Boechera stricta,,Bstricta_RP275,USA,,41.22667,-105.38292,,Mitchell-Olds,WGS,
Boechera stricta,,Bstricta_RP278,USA,,41.33917,-106.37528,,Mitchell-Olds,WGS,
Boechera stricta,,Bstricta_RP279,USA,,41.33122,-106.50222,,Mitchell-Olds,WGS,
Boechera stricta,,Bstricta_RP281,USA,,40.60778,-108.863,,Mitchell-Olds,WGS,
Boechera stricta,,Bstricta_RP285,USA,,38.53158,-106.32417,,Mitchell-Olds,WGS,
Boechera stricta,,Bstricta_RP290,USA,,39.00767,-106.99885,,Mitchell-Olds,WGS,
Boechera stricta,,Bstricta_RP291,USA,,39.01505,-107.0352,,Mitchell-Olds,WGS,
Boechera stricta,,Bstricta_RP294,USA,,39.01292,-106.94635,,Mitchell-Olds,WGS,
Boechera stricta,,Bstricta_RP295,USA,,38.99812,-106.9812,,Mitchell-Olds,WGS,
Boechera stricta,,Bstricta_RP296,USA,,38.96992,-107.02673,,Mitchell-Olds,WGS,
Boechera stricta,,Bstricta_RP301,USA,,38.87026,-106.95197,,Mitchell-Olds,WGS,
Boechera stricta,,Bstricta_RP306,USA,,38.86642,-106.91277,,Mitchell-Olds,WGS,
Boechera stricta,,Bstricta_RP308,USA,,38.8788,-106.99912,,Mitchell-Olds,WGS,
Boechera stricta,,Bstricta_RP482,USA,,39.64129,-105.87073,,Mitchell-Olds,WGS,
Boechera stricta,,Bstricta_RP483,USA,,40.19816,-105.54125,,Mitchell-Olds,WGS,
Boechera stricta,,Bstricta_RP484,USA,,39.69245,-105.79584,,Mitchell-Olds,WGS,
Boechera stricta,,Bstricta_RP485,USA,,40.2572,-105.53355,,Mitchell-Olds,WGS,
Boechera stricta,,Bstricta_RP486,USA,,39.35376,-106.21713,,Mitchell-Olds,WGS,
Boechera stricta,,Bstricta_RP488,USA,,39.4117,-106.17461,,Mitchell-Olds,WGS,
Boechera stricta,,Bstricta_RP489,USA,,39.45788,-106.14469,,Mitchell-Olds,WGS,
Boechera stricta,,Bstricta_RP490,USA,,38.76734,-106.31962,,Mitchell-Olds,WGS,
Boechera stricta,,Bstricta_RP491,USA,,40.10122,-105.48601,,Mitchell-Olds,WGS,
Boechera stricta,,Bstricta_RP492,USA,,38.81373,-106.39657,,Mitchell-Olds,WGS,
Boechera stricta,,Bstricta_RP494,USA,,39.76282,-105.72963,,Mitchell-Olds,WGS,
Boechera stricta,,Bstricta_RP495,USA,,39.19892,-106.26055,,Mitchell-Olds,WGS,
Boechera stricta,,Bstricta_RP496,USA,,39.20007,-106.07946,,Mitchell-Olds,WGS,
Boechera stricta,,Bstricta_RP497,USA,,39.23732,-106.29311,,Mitchell-Olds,WGS,
Boechera stricta,,Bstricta_RP498,USA,,39.89079,-105.48635,,Mitchell-Olds,WGS,
Boechera stricta,,Bstricta_RP499,USA,,39.81715,-105.53634,,Mitchell-Olds,WGS,
Boechera stricta,,Bstricta_RP500,USA,,39.61232,-105.71661,,Mitchell-Olds,WGS,
Boechera stricta,,Bstricta_RP501,USA,,39.77082,-105.81791,,Mitchell-Olds,WGS,
Boechera stricta,,Bstricta_RP502,USA,,39.44981,-105.77502,,Mitchell-Olds,WGS,
Boechera stricta,,Bstricta_RP503,USA,,39.06762,-106.50527,,Mitchell-Olds,WGS,
Boechera stricta,,Bstricta_RP505,USA,,39.66887,-105.88254,,Mitchell-Olds,WGS,
Boechera stricta,,Bstricta_RP506,USA,,39.66365,-105.87838,,Mitchell-Olds,WGS,
Boechera stricta,,Bstricta_RP507,USA,,39.66007,-105.87196,,Mitchell-Olds,WGS,
Boechera stricta,,Bstricta_RP508,USA,,39.68685,-105.88151,,Mitchell-Olds,WGS,
Boechera stricta,,Bstricta_RP510,USA,,39.89605,-105.60204,,Mitchell-Olds,WGS,
Boechera stricta,,Bstricta_RP512,USA,,39.8669,-105.59512,,Mitchell-Olds,WGS,
Boechera stricta,,Bstricta_RP513,USA,,39.85218,-105.57111,,Mitchell-Olds,WGS,
Boechera stricta,,Bstricta_RP514,USA,,39.44145,-106.15763,,Mitchell-Olds,WGS,
Boechera stricta,,Bstricta_RP515,USA,,39.60477,-105.90985,,Mitchell-Olds,WGS,
Boechera stricta,,Bstricta_RP516,USA,,40.03459,-105.53995,,Mitchell-Olds,WGS,
Boechera stricta,,Bstricta_RP522,USA,,39.40197,-106.05139,,Mitchell-Olds,WGS,
Boechera stricta,,Bstricta_RP524,USA,,39.90825,-105.55647,,Mitchell-Olds,WGS,
Boechera stricta,,Bstricta_RP525,USA,,39.56659,-105.72413,,Mitchell-Olds,WGS,
Boechera stricta,,Bstricta_RP527,USA,,40.13133,-105.50508,,Mitchell-Olds,WGS,
Boechera stricta,,Bstricta_RP528,USA,,39.36264,-106.31117,,Mitchell-Olds,WGS,
Boechera stricta,,Bstricta_RP530,USA,,39.52868,-106.22016,,Mitchell-Olds,WGS,
Boechera stricta,,Bstricta_RP532,USA,,39.09053,-106.14569,,Mitchell-Olds,WGS,
Boechera stricta,,Bstricta_RP533,USA,,39.47185,-106.04304,,Mitchell-Olds,WGS,
Boechera stricta,,Bstricta_RP537,USA,,37.4241,-108.37922,,Mitchell-Olds,WGS,
Boechera stricta,,Bstricta_RP538,USA,,37.36113,-108.25263,,Mitchell-Olds,WGS,
Boechera stricta,,Bstricta_RP558,USA,,39.8351,-105.41198,,Mitchell-Olds,WGS,
Boechera stricta,,Bstricta_RP559,USA,,39.8351,-105.41198,,Mitchell-Olds,WGS,
Boechera stricta,,Bstricta_RP560,USA,,39.8351,-105.41198,,Mitchell-Olds,WGS,
Boechera stricta,,Bstricta_RP561,USA,,39.8351,-105.41198,,Mitchell-Olds,WGS,
Boechera stricta,,Bstricta_RP562,USA,,39.8351,-105.41198,,Mitchell-Olds,WGS,
Boechera stricta,,Bstricta_RP563,USA,,39.8351,-105.41198,,Mitchell-Olds,WGS,
Boechera stricta,,Bstricta_RP564,USA,,39.8351,-105.41198,,Mitchell-Olds,WGS,
Boechera stricta,,Bstricta_RP565,USA,,39.8351,-105.41198,,Mitchell-Olds,WGS,
Boechera stricta,,Bstricta_RP566,USA,,39.79634,-105.77581,,Mitchell-Olds,WGS,
Boechera stricta,,Bstricta_RP567,USA,,39.79634,-105.77581,,Mitchell-Olds,WGS,
Boechera stricta,,Bstricta_RP568,USA,,39.79634,-105.77581,,Mitchell-Olds,WGS,
Boechera stricta,,Bstricta_RP569,USA,,39.79634,-105.77581,,Mitchell-Olds,WGS,
Boechera stricta,,Bstricta_RP581,USA,,38.361133,-108.252633,,Mitchell-Olds,WGS,
Boechera stricta,,Bstricta_RP591,USA,,38.440633,-107.642283,,Mitchell-Olds,WGS,
Boechera stricta,,Bstricta_RP592,USA,,37.648167,-106.651917,,Mitchell-Olds,WGS,
Boechera stricta,,Bstricta_RP593,USA,,37.64675,-106.588833,,Mitchell-Olds,WGS,
Boechera stricta,,Bstricta_RP595,USA,,37.579183,-108.15705,,Mitchell-Olds,WGS,
Boechera stricta,,Bstricta_RP596,USA,,37.369417,-108.078667,,Mitchell-Olds,WGS,
Boechera stricta,,Bstricta_RP598,USA,,37.600883,-105.2121,,Mitchell-Olds,WGS,
Boechera stricta,,Bstricta_RP600,USA,,37.381033,-108.077367,,Mitchell-Olds,WGS,
Boechera stricta,,Bstricta_RP601,USA,,37.780067,-106.818183,,Mitchell-Olds,WGS,
Boechera stricta,,Bstricta_RP602,USA,,37.796117,-106.80165,,Mitchell-Olds,WGS,
Boechera stricta,,Bstricta_RP603,USA,,37.754867,-108.00705,,Mitchell-Olds,WGS,
Boechera stricta,,Bstricta_RP604,USA,,37.616283,-106.675783,,Mitchell-Olds,WGS,
Boechera stricta,,Bstricta_RP605,USA,,38.332333,-108.107483,,Mitchell-Olds,WGS,
Boechera stricta,,Bstricta_RP606,USA,,38.319467,-108.14,,Mitchell-Olds,WGS,
Boechera stricta,,Bstricta_RP607,USA,,38.486833,-108.573067,,Mitchell-Olds,WGS,
Boechera stricta,,Bstricta_RP608,USA,,38.5211,-108.603317,,Mitchell-Olds,WGS,
Boechera stricta,,Bstricta_RP609,USA,,38.596617,-108.6557,,Mitchell-Olds,WGS,
Boechera stricta,,Bstricta_RP610,USA,,38.65595,-108.699867,,Mitchell-Olds,WGS,
Boechera stricta,,Bstricta_RP611,USA,,37.485433,-106.768533,,Mitchell-Olds,WGS,
Boechera stricta,,Bstricta_RP622,USA,,39.950023,-105.504519,,Mitchell-Olds,WGS,
Boechera stricta,,Bstricta_RP623,USA,,38.702642,-106.349831,,Mitchell-Olds,WGS,
Boechera stricta,,Bstricta_RP624,USA,,40.01737,-105.53209,,Mitchell-Olds,WGS,
Boechera stricta,,Bstricta_RP625,USA,,38.987883,-106.429597,,Mitchell-Olds,WGS,
Boechera stricta,,Bstricta_RP626,USA,,38.422137,-106.132842,,Mitchell-Olds,WGS,
Boechera stricta,,Bstricta_RP627,USA,,39.274043,-106.309739,,Mitchell-Olds,WGS,
Boechera stricta,,Bstricta_RP629,USA,,39.32787,-106.059082,,Mitchell-Olds,WGS,
Boechera stricta,,Bstricta_RP630,USA,,39.888743,-105.609193,,Mitchell-Olds,WGS,
Boechera stricta,,Bstricta_RP631,USA,,39.904039,-105.497315,,Mitchell-Olds,WGS,
Boechera stricta,,Bstricta_RP632,USA,,39.58852,-106.044552,,Mitchell-Olds,WGS,
Boechera stricta,,Bstricta_RP633,USA,,39.626107,-105.708153,,Mitchell-Olds,WGS,
Boechera stricta,,Bstricta_RP643,USA,,38.2851,-107.367,,Mitchell-Olds,WGS,
Boechera stricta,,Bstricta_RP650,USA,,39.012517,-108.23495,,Mitchell-Olds,WGS,
Boechera stricta,,Bstricta_RP651,USA,,39.025367,-108.22365,,Mitchell-Olds,WGS,
Boechera stricta,,Bstricta_RP652,USA,,39.036417,-108.187733,,Mitchell-Olds,WGS,
Boechera stricta,,Bstricta_RP653,USA,,39.00605,-108.199717,,Mitchell-Olds,WGS,
Boechera stricta,,Bstricta_RP654,USA,,39.004067,-108.145583,,Mitchell-Olds,WGS,
Boechera stricta,,Bstricta_RP655,USA,,39.004283,-108.1101,,Mitchell-Olds,WGS,
Boechera stricta,,Bstricta_RP656,USA,,39.025817,-108.0736,,Mitchell-Olds,WGS,
Boechera stricta,,Bstricta_RP657,USA,,39.059633,-108.054067,,Mitchell-Olds,WGS,
Boechera stricta,,Bstricta_RP658,USA,,39.049967,-108.081033,,Mitchell-Olds,WGS,
Boechera stricta,,Bstricta_RP659,USA,,39.0461,-108.068117,,Mitchell-Olds,WGS,
Boechera stricta,,Bstricta_RP660,USA,,39.028133,-108.032517,,Mitchell-Olds,WGS,
Boechera stricta,,Bstricta_RP661,USA,,39.03025,-107.996333,,Mitchell-Olds,WGS,
Boechera stricta,,Bstricta_RP662,USA,,39.00355,-107.940917,,Mitchell-Olds,WGS,
Boechera stricta,,Bstricta_HZ015,USA,,44.97067,-114.08585,,Mitchell-Olds,WGS,
Boechera stricta,,Bstricta_HZ024,USA,,44.96483,-114.07462,,Mitchell-Olds,WGS,
Boechera stricta,,Bstricta_HZ037,USA,,44.96267,-114.0697,,Mitchell-Olds,WGS,
Boechera stricta,,Bstricta_HZ057,USA,,44.58188,-114.41673,,Mitchell-Olds,WGS,
Boechera stricta,,Bstricta_HZ062,USA,,44.58188,-114.41673,,Mitchell-Olds,WGS,
Boechera stricta,,Bstricta_HZ068,USA,,44.397,-114.39117,,Mitchell-Olds,WGS,
Boechera stricta,,Bstricta_HZ104,USA,,44.45728,-114.75288,,Mitchell-Olds,WGS,
Boechera stricta,,Bstricta_HZ110,USA,,44.45728,-114.75288,,Mitchell-Olds,WGS,
Boechera stricta,,Bstricta_HZ117,USA,,44.475,-114.7307,,Mitchell-Olds,WGS,
Boechera stricta,,Bstricta_HZ121,USA,,44.475,-114.7307,,Mitchell-Olds,WGS,
Boechera stricta,,Bstricta_HZ140,USA,,44.494,-114.734,,Mitchell-Olds,WGS,
Boechera stricta,,Bstricta_HZ143,USA,,44.494,-114.734,,Mitchell-Olds,WGS,
Boechera stricta,,Bstricta_HZ156,USA,,44.503,-114.7532,,Mitchell-Olds,WGS,
Boechera stricta,,Bstricta_HZ160,USA,,44.45728,-114.75288,,Mitchell-Olds,WGS,
Boechera stricta,,Bstricta_HZ170,USA,,44.58188,-114.41673,,Mitchell-Olds,WGS,
Boechera stricta,,Bstricta_HZ300,USA,,44.792383,-113.776183,,Mitchell-Olds,WGS,
Boechera stricta,,Bstricta_HZ334,USA,,44.797467,-113.803217,,Mitchell-Olds,WGS,
Boechera stricta,,Bstricta_HZ337,USA,,44.7926,-113.778883,,Mitchell-Olds,WGS,
Boechera stricta,,Bstricta_HZ349,USA,,45.083733,-114.089667,,Mitchell-Olds,WGS,
Boechera stricta,,Bstricta_HZ374,USA,,44.861967,-114.295217,,Mitchell-Olds,WGS,
Boechera stricta,,Bstricta_HZ444,USA,,44.7471,-114.26055,,Mitchell-Olds,WGS,
Boechera stricta,,Bstricta_RP003,USA,,44.62,-114.5141,,Mitchell-Olds,WGS,
Boechera stricta,,Bstricta_RP010,USA,,44.622,-114.4968,,Mitchell-Olds,WGS,
Boechera stricta,,Bstricta_RP014,USA,,41.844,-115.4473,,Mitchell-Olds,WGS,
Boechera stricta,,Bstricta_RP016,USA,,43.792,-114.5737,,Mitchell-Olds,WGS,
Boechera stricta,,Bstricta_RP024,USA,,44.355,-113.2623,,Mitchell-Olds,WGS,
Boechera stricta,,Bstricta_RP035,USA,,44.61562,-114.51843,,Mitchell-Olds,WGS,
Boechera stricta,,Bstricta_RP048,USA,,44.616,-114.5184,,Mitchell-Olds,WGS,
Boechera stricta,,Bstricta_RP049,USA,,44.941,-113.8474,,Mitchell-Olds,WGS,
Boechera stricta,,Bstricta_RP054,USA,,44.5916,-114.4533,,Mitchell-Olds,WGS,
Boechera stricta,,Bstricta_RP059,USA,,44.346,-113.265,,Mitchell-Olds,WGS,
Boechera stricta,,Bstricta_RP061,USA,,44.4112,-113.4175,,Mitchell-Olds,WGS,
Boechera stricta,,Bstricta_RP064,USA,,44.674,-114.5582,,Mitchell-Olds,WGS,
Boechera stricta,,Bstricta_RP069,USA,,44.948,-114.0741,,Mitchell-Olds,WGS,
Boechera stricta,,Bstricta_RP078,USA,,44.967,-114.0853,,Mitchell-Olds,WGS,
Boechera stricta,,Bstricta_RP079,USA,,44.494,-114.734,,Mitchell-Olds,WGS,
Boechera stricta,,Bstricta_RP080,USA,,44.9663,-114.0854,,Mitchell-Olds,WGS,
Boechera stricta,,Bstricta_RP082,USA,,44.364,-113.234,,Mitchell-Olds,WGS,
Boechera stricta,,Bstricta_RP087,USA,,44.1826,-113.7429,,Mitchell-Olds,WGS,
Boechera stricta,,Bstricta_RP088,USA,,42.139,-114.2085,,Mitchell-Olds,WGS,
Boechera stricta,,Bstricta_RP091,USA,,42.163,-114.2638,,Mitchell-Olds,WGS,
Boechera stricta,,Bstricta_RP094,USA,,44.754,-114.6794,,Mitchell-Olds,WGS,
Boechera stricta,,Bstricta_RP099,USA,,42.144,-114.2428,,Mitchell-Olds,WGS,
Boechera stricta,,Bstricta_RP101,USA,,44.027,-113.453,,Mitchell-Olds,WGS,
Boechera stricta,,Bstricta_RP103,USA,,44.6069,-114.5339,,Mitchell-Olds,WGS,
Boechera stricta,,Bstricta_RP104,USA,,44.426,-112.8945,,Mitchell-Olds,WGS,
Boechera stricta,,Bstricta_RP107,USA,,44.66,-114.5424,,Mitchell-Olds,WGS,
Boechera stricta,,Bstricta_RP108,USA,,44.142,-113.7222,,Mitchell-Olds,WGS,
Boechera stricta,,Bstricta_RP116,USA,,44.642,-114.529,,Mitchell-Olds,WGS,
Boechera stricta,,Bstricta_RP117,USA,,44.962,-114.0733,,Mitchell-Olds,WGS,
Boechera stricta,,Bstricta_RP118,USA,,44.9743,-114.085,,Mitchell-Olds,WGS,
Boechera stricta,,Bstricta_RP121,USA,,44.3745,-113.3883,,Mitchell-Olds,WGS,
Boechera stricta,,Bstricta_RP127,USA,,43.804,-114.6431,,Mitchell-Olds,WGS,
Boechera stricta,,Bstricta_RP132,USA,,44.6435,-114.5416,,Mitchell-Olds,WGS,
Boechera stricta,,Bstricta_RP135,USA,,45.551,-113.7742,,Mitchell-Olds,WGS,
Boechera stricta,,Bstricta_RP138,USA,,44.963,-114.6558,,Mitchell-Olds,WGS,
Boechera stricta,,Bstricta_RP140,USA,,42.322,-113.6194,,Mitchell-Olds,WGS,
Boechera stricta,,Bstricta_RP141,USA,,44.551,-112.6168,,Mitchell-Olds,WGS,
Boechera stricta,,Bstricta_RP159,USA,,44.492,-115.007,,Mitchell-Olds,WGS,
Boechera stricta,,Bstricta_RP160,USA,,44.3904,-113.4183,,Mitchell-Olds,WGS,
Boechera stricta,,Bstricta_RP162,USA,,43.875,-114.7149,,Mitchell-Olds,WGS,
Boechera stricta,,Bstricta_RP166,USA,,44.41,-114.4077,,Mitchell-Olds,WGS,
Boechera stricta,,Bstricta_RP169,USA,,44.457,-114.7529,,Mitchell-Olds,WGS,
Boechera stricta,,Bstricta_RP173,USA,,41.801,-115.479,,Mitchell-Olds,WGS,
Boechera stricta,,Bstricta_RP179,USA,,44.791,-113.3126,,Mitchell-Olds,WGS,
Boechera stricta,,Bstricta_RP184,USA,,43.839,-114.2947,,Mitchell-Olds,WGS,
Boechera stricta,,Bstricta_RP185,USA,,43.931,-114.8528,,Mitchell-Olds,WGS,
Boechera stricta,,Bstricta_RP187,USA,,41.746,-115.4676,,Mitchell-Olds,WGS,
Boechera stricta,,Bstricta_RP197,USA,,44.348,-113.4761,,Mitchell-Olds,WGS,
Boechera stricta,,Bstricta_RP203,USA,,44.729,-114.3323,,Mitchell-Olds,WGS,
Boechera stricta,,Bstricta_RP204,USA,,44.9706,-114.0863,,Mitchell-Olds,WGS,
Boechera stricta,,Bstricta_RP206,USA,,44.2316,-113.8381,,Mitchell-Olds,WGS,
Boechera stricta,,Bstricta_RP213,USA,,44.536,-112.618,,Mitchell-Olds,WGS,
Boechera stricta,,Bstricta_RP216,USA,,44.718,-114.6219,,Mitchell-Olds,WGS,
Boechera stricta,,Bstricta_RP235,USA,,44.3763,-113.4127,,Mitchell-Olds,WGS,
Boechera stricta,,Bstricta_RP237,USA,,44.9711,-114.1709,,Mitchell-Olds,WGS,
Boechera stricta,,Bstricta_RP239,USA,,44.9643,-114.1931,,Mitchell-Olds,WGS,
Boechera stricta,,Bstricta_RP240,USA,,44.7376,-114.2977,,Mitchell-Olds,WGS,
Boechera stricta,,Bstricta_RP241,USA,,44.6835,-114.3425,,Mitchell-Olds,WGS,
Boechera stricta,,Bstricta_RP242,USA,,44.6928,-114.3353,,Mitchell-Olds,WGS,
Boechera stricta,,Bstricta_RP248,USA,,44.7734,-114.2488,,Mitchell-Olds,WGS,
Boechera stricta,,Bstricta_RP251,USA,,44.7414,-114.2641,,Mitchell-Olds,WGS,
Boechera stricta,,Bstricta_RP256,USA,,44.727,-114.6374,,Mitchell-Olds,WGS,
Boechera stricta,,Bstricta_RP258,USA,,44.6225,-114.5137,,Mitchell-Olds,WGS,
Boechera stricta,,Bstricta_RP259,USA,,44.6211,-114.5079,,Mitchell-Olds,WGS,
Boechera stricta,,Bstricta_RP260,USA,,44.3547,-113.3288,,Mitchell-Olds,WGS,
Boechera stricta,,Bstricta_RP264,USA,,44.5897,-114.448,,Mitchell-Olds,WGS,
Boechera stricta,,Bstricta_RP266,USA,,44.3051,-113.3128,,Mitchell-Olds,WGS,
Boechera stricta,,Bstricta_RP311,USA,,44.187667,-113.753333,,Mitchell-Olds,WGS,
Boechera stricta,,Bstricta_RP312,USA,,44.18955,-113.743433,,Mitchell-Olds,WGS,
Boechera stricta,,Bstricta_RP313,USA,,44.188417,-113.74665,,Mitchell-Olds,WGS,
Boechera stricta,,Bstricta_RP314,USA,,44.18378,-113.72662,,Mitchell-Olds,WGS,
Boechera stricta,,Bstricta_RP316,USA,,44.19465,-113.741267,,Mitchell-Olds,WGS,
Boechera stricta,,Bstricta_RP317,USA,,44.181767,-113.75175,,Mitchell-Olds,WGS,
Boechera stricta,,Bstricta_RP319,USA,,44.17648,-113.77137,,Mitchell-Olds,WGS,
Boechera stricta,,Bstricta_RP320,USA,,44.1727,-113.77018,,Mitchell-Olds,WGS,
Boechera stricta,,Bstricta_RP321,USA,,44.1972,-113.7568,,Mitchell-Olds,WGS,
Boechera stricta,,Bstricta_RP322,USA,,44.185167,-113.766,,Mitchell-Olds,WGS,
Boechera stricta,,Bstricta_RP323,USA,,44.179833,-113.775167,,Mitchell-Olds,WGS,
Boechera stricta,,Bstricta_RP476,USA,,44.2524,-113.12078,,Mitchell-Olds,WGS,
Boechera stricta,,Bstricta_RP477,USA,,44.58915,-113.45617,,Mitchell-Olds,WGS,
Boechera stricta,,Bstricta_RP616,USA,,44.40283,-114.38317,,Mitchell-Olds,WGS,
Boechera stricta,,Bstricta_RP617,USA,,44.1934,-113.73622,,Mitchell-Olds,WGS,
Boechera stricta,,Bstricta_RP621,USA,,44.57654,-113.47087,,Mitchell-Olds,WGS,
Boechera stricta,,Bstricta_RP644,USA,,43.812,-114.6199,,Mitchell-Olds,WGS,
Boechera stricta,,Bstricta_RP008,USA,,40.435,-111.616,,Mitchell-Olds,WGS,
Boechera stricta,,Bstricta_RP012,USA,,40.684,-110.9318,,Mitchell-Olds,WGS,
Boechera stricta,,Bstricta_RP075,USA,,40.736,-110.8676,,Mitchell-Olds,WGS,
Boechera stricta,,Bstricta_RP093,USA,,38.793,-116.8592,,Mitchell-Olds,WGS,
Boechera stricta,,Bstricta_RP095,USA,,42.596,-110.5083,,Mitchell-Olds,WGS,
Boechera stricta,,Bstricta_RP143,USA,,42.485,-110.545,,Mitchell-Olds,WGS,
Boechera stricta,,Bstricta_RP145,USA,,40.612,-115.3709,,Mitchell-Olds,WGS,
Boechera stricta,,Bstricta_RP165,USA,,36.406,-112.0917,,Mitchell-Olds,WGS,
Boechera stricta,,Bstricta_RP181,USA,,37.612,-112.8303,,Mitchell-Olds,WGS,
Boechera stricta,,Bstricta_RP190,USA,,41.922,-111.4783,,Mitchell-Olds,WGS,
Boechera stricta,,Bstricta_RP196,USA,,40.823,-110.8634,,Mitchell-Olds,WGS,
Boechera stricta,,Bstricta_RP207,USA,,37.516,-112.7042,,Mitchell-Olds,WGS,
Boechera stricta,,Bstricta_RP214,USA,,38.966,-111.5722,,Mitchell-Olds,WGS,
Boechera stricta,,Bstricta_RP219,USA,,38.965,-112.0988,,Mitchell-Olds,WGS,
Boechera stricta,,Bstricta_RP236,USA,,39.765,-110.9163,,Mitchell-Olds,WGS,
Boechera stricta,,Bstricta_RP280,USA,,43.54241,-109.837,,Mitchell-Olds,WGS,
Boechera stricta,,Bstricta_RP324,USA,,38.21125,-112.42587,,Mitchell-Olds,WGS,
Boechera stricta,,Bstricta_RP325,USA,,37.879,-111.87043,,Mitchell-Olds,WGS,
Boechera stricta,,Bstricta_RP326,USA,,38.00497,-111.7126,,Mitchell-Olds,WGS,
Boechera stricta,,Bstricta_RP327,USA,,39.88347,-110.77562,,Mitchell-Olds,WGS,
Boechera stricta,,Bstricta_RP328,USA,,39.87903,-110.7997,,Mitchell-Olds,WGS,
Boechera stricta,,Bstricta_RP329,USA,,39.88028,-110.76032,,Mitchell-Olds,WGS,
Boechera stricta,,Bstricta_RP330,USA,,39.8727,-110.81767,,Mitchell-Olds,WGS,
Boechera stricta,,Bstricta_RP331,USA,,40.31362,-111.28025,,Mitchell-Olds,WGS,
Boechera stricta,,Bstricta_RP332,USA,,38.65245,-111.94635,,Mitchell-Olds,WGS,
Boechera stricta,,Bstricta_RP333,USA,,38.09653,-111.69225,,Mitchell-Olds,WGS,
Boechera stricta,,Bstricta_RP335,USA,,38.47513,-111.46083,,Mitchell-Olds,WGS,
Boechera stricta,,Bstricta_RP337,USA,,37.94522,-112.20185,,Mitchell-Olds,WGS,
Boechera stricta,,Bstricta_RP338,USA,,40.21893,-111.25043,,Mitchell-Olds,WGS,
Boechera stricta,,Bstricta_RP339,USA,,37.98475,-112.22398,,Mitchell-Olds,WGS,
Boechera stricta,,Bstricta_RP340,USA,,38.63022,-111.97983,,Mitchell-Olds,WGS,
Boechera stricta,,Bstricta_RP342,USA,,37.94403,-111.69953,,Mitchell-Olds,WGS,
Boechera stricta,,Bstricta_RP344,USA,,37.98012,-111.72472,,Mitchell-Olds,WGS,
Boechera stricta,,Bstricta_RP345,USA,,38.07008,-112.1417,,Mitchell-Olds,WGS,
Boechera stricta,,Bstricta_RP346,USA,,39.08483,-111.33973,,Mitchell-Olds,WGS,
Boechera stricta,,Bstricta_RP347,USA,,39.08058,-111.31878,,Mitchell-Olds,WGS,
Boechera stricta,,Bstricta_RP348,USA,,38.5093,-111.49668,,Mitchell-Olds,WGS,
Boechera stricta,,Bstricta_RP349,USA,,38.81433,-111.66725,,Mitchell-Olds,WGS,
Boechera stricta,,Bstricta_RP350,USA,,38.80653,-111.68993,,Mitchell-Olds,WGS,
Boechera stricta,,Bstricta_RP352,USA,,37.92872,-111.86618,,Mitchell-Olds,WGS,
Boechera stricta,,Bstricta_RP353,USA,,37.83053,-111.88277,,Mitchell-Olds,WGS,
Boechera stricta,,Bstricta_RP354,USA,,40.53782,-110.35575,,Mitchell-Olds,WGS,
Boechera stricta,,Bstricta_RP355,USA,,38.4482,-111.44933,,Mitchell-Olds,WGS,
Boechera stricta,,Bstricta_RP356,USA,,38.62688,-111.64732,,Mitchell-Olds,WGS,
Boechera stricta,,Bstricta_RP357,USA,,38.67502,-111.94302,,Mitchell-Olds,WGS,
Boechera stricta,,Bstricta_RP358,USA,,37.95985,-111.83832,,Mitchell-Olds,WGS,
Boechera stricta,,Bstricta_RP359,USA,,38.05977,-111.5913,,Mitchell-Olds,WGS,
Boechera stricta,,Bstricta_RP360,USA,,38.53248,-111.95263,,Mitchell-Olds,WGS,
Boechera stricta,,Bstricta_RP361,USA,,38.56273,-111.96758,,Mitchell-Olds,WGS,
Boechera stricta,,Bstricta_RP362,USA,,38.55042,-111.97152,,Mitchell-Olds,WGS,
Boechera stricta,,Bstricta_RP363,USA,,38.577,-111.94595,,Mitchell-Olds,WGS,
Boechera stricta,,Bstricta_RP364,USA,,38.59143,-111.9396,,Mitchell-Olds,WGS,
Boechera stricta,,Bstricta_RP365,USA,,38.6626,-112.27527,,Mitchell-Olds,WGS,
Boechera stricta,,Bstricta_RP366,USA,,40.29412,-111.2513,,Mitchell-Olds,WGS,
Boechera stricta,,Bstricta_RP367,USA,,38.49628,-111.45813,,Mitchell-Olds,WGS,
Boechera stricta,,Bstricta_RP368,USA,,40.56498,-110.50452,,Mitchell-Olds,WGS,
Boechera stricta,,Bstricta_RP369,USA,,40.55498,-110.48873,,Mitchell-Olds,WGS,
Boechera stricta,,Bstricta_RP370,USA,,40.53378,-110.46438,,Mitchell-Olds,WGS,
Boechera stricta,,Bstricta_RP372,USA,,38.75268,-111.65188,,Mitchell-Olds,WGS,
Boechera stricta,,Bstricta_RP373,USA,,38.72395,-111.67807,,Mitchell-Olds,WGS,
Boechera stricta,,Bstricta_RP374,USA,,39.8126,-111.69457,,Mitchell-Olds,WGS,
Boechera stricta,,Bstricta_RP375,USA,,39.83448,-111.72215,,Mitchell-Olds,WGS,
Boechera stricta,,Bstricta_RP376,USA,,39.84242,-111.72177,,Mitchell-Olds,WGS,
Boechera stricta,,Bstricta_RP377,USA,,39.87908,-111.68562,,Mitchell-Olds,WGS,
Boechera stricta,,Bstricta_RP378,USA,,39.91908,-111.63362,,Mitchell-Olds,WGS,
Boechera stricta,,Bstricta_RP379,USA,,40.02828,-111.25833,,Mitchell-Olds,WGS,
Boechera stricta,,Bstricta_RP380,USA,,38.69638,-111.9379,,Mitchell-Olds,WGS,
Boechera stricta,,Bstricta_RP381,USA,,39.3141,-111.36673,,Mitchell-Olds,WGS,
Boechera stricta,,Bstricta_RP382,USA,,38.6796,-112.28585,,Mitchell-Olds,WGS,
Boechera stricta,,Bstricta_RP383,USA,,38.22057,-112.41435,,Mitchell-Olds,WGS,
Boechera stricta,,Bstricta_RP384,USA,,38.06627,-111.63338,,Mitchell-Olds,WGS,
Boechera stricta,,Bstricta_RP386,USA,,39.33215,-111.4331,,Mitchell-Olds,WGS,
Boechera stricta,,Bstricta_RP387,USA,,39.31997,-111.41032,,Mitchell-Olds,WGS,
Boechera stricta,,Bstricta_RP388,USA,,39.385,-111.38755,,Mitchell-Olds,WGS,
Boechera stricta,,Bstricta_RP389,USA,,39.30538,-111.38982,,Mitchell-Olds,WGS,
Boechera stricta,,Bstricta_RP390,USA,,39.31918,-111.47383,,Mitchell-Olds,WGS,
Boechera stricta,,Bstricta_RP391,USA,,39.90688,-111.24165,,Mitchell-Olds,WGS,
Boechera stricta,,Bstricta_RP392,USA,,39.88333,-111.26383,,Mitchell-Olds,WGS,
Boechera stricta,,Bstricta_RP393,USA,,39.86445,-111.28653,,Mitchell-Olds,WGS,
Boechera stricta,,Bstricta_RP396,USA,,39.7489,-111.32355,,Mitchell-Olds,WGS,
Boechera stricta,,Bstricta_RP398,USA,,39.98658,-111.15397,,Mitchell-Olds,WGS,
Boechera stricta,,Bstricta_RP399,USA,,40.03637,-111.2002,,Mitchell-Olds,WGS,
Boechera stricta,,Bstricta_RP400,USA,,40.58565,-110.33055,,Mitchell-Olds,WGS,
Boechera stricta,,Bstricta_RP401,USA,,40.22407,-111.22883,,Mitchell-Olds,WGS,
Boechera stricta,,Bstricta_RP402,USA,,38.60998,-111.67165,,Mitchell-Olds,WGS,
Boechera stricta,,Bstricta_RP404,USA,,38.5814,-111.47893,,Mitchell-Olds,WGS,
Boechera stricta,,Bstricta_RP405,USA,,38.25455,-112.33197,,Mitchell-Olds,WGS,
Boechera stricta,,Bstricta_RP407,USA,,38.26385,-112.38053,,Mitchell-Olds,WGS,
Boechera stricta,,Bstricta_RP408,USA,,38.22568,-112.43942,,Mitchell-Olds,WGS,
Boechera stricta,,Bstricta_RP409,USA,,38.67505,-111.66268,,Mitchell-Olds,WGS,
Boechera stricta,,Bstricta_RP410,USA,,40.91982,-110.76753,,Mitchell-Olds,WGS,
Boechera stricta,,Bstricta_RP411,USA,,40.93557,-110.70413,,Mitchell-Olds,WGS,
Boechera stricta,,Bstricta_RP413,USA,,40.9506,-110.64735,,Mitchell-Olds,WGS,
Boechera stricta,,Bstricta_RP414,USA,,40.95693,-110.67597,,Mitchell-Olds,WGS,
Boechera stricta,,Bstricta_RP415,USA,,40.92935,-110.61498,,Mitchell-Olds,WGS,
Boechera stricta,,Bstricta_RP417,USA,,40.8967,-110.66203,,Mitchell-Olds,WGS,
Boechera stricta,,Bstricta_RP418,USA,,40.94707,-110.5829,,Mitchell-Olds,WGS,
Boechera stricta,,Bstricta_RP419,USA,,40.93273,-110.56252,,Mitchell-Olds,WGS,
Boechera stricta,,Bstricta_RP420,USA,,40.90998,-110.54825,,Mitchell-Olds,WGS,
Boechera stricta,,Bstricta_RP421,USA,,40.9567,-110.55885,,Mitchell-Olds,WGS,
Boechera stricta,,Bstricta_RP422,USA,,40.95707,-110.5039,,Mitchell-Olds,WGS,
Boechera stricta,,Bstricta_RP423,USA,,40.95303,-110.46135,,Mitchell-Olds,WGS,
Boechera stricta,,Bstricta_RP424,USA,,40.94293,-110.4175,,Mitchell-Olds,WGS,
Boechera stricta,,Bstricta_RP425,USA,,40.92312,-110.40498,,Mitchell-Olds,WGS,
Boechera stricta,,Bstricta_RP426,USA,,40.95452,-110.39298,,Mitchell-Olds,WGS,
Boechera stricta,,Bstricta_RP427,USA,,41.00083,-110.3781,,Mitchell-Olds,WGS,
Boechera stricta,,Bstricta_RP428,USA,,41.01083,-110.35695,,Mitchell-Olds,WGS,
Boechera stricta,,Bstricta_RP429,USA,,40.9819,-110.34542,,Mitchell-Olds,WGS,
Boechera stricta,,Bstricta_RP430,USA,,40.95428,-110.31737,,Mitchell-Olds,WGS,
Boechera stricta,,Bstricta_RP432,USA,,37.97272,-111.8167,,Mitchell-Olds,WGS,
Boechera stricta,,Bstricta_RP433,USA,,38.61255,-111.96795,,Mitchell-Olds,WGS,
Boechera stricta,,Bstricta_RP434,USA,,38.05188,-112.16805,,Mitchell-Olds,WGS,
Boechera stricta,,Bstricta_RP435,USA,,40.602,-110.34702,,Mitchell-Olds,WGS,
Boechera stricta,,Bstricta_RP453,USA,,44.99228,-111.85813,,Mitchell-Olds,WGS,
Boechera stricta,,Bstricta_RP469,USA,,41.45222,-111.50437,,Mitchell-Olds,WGS,
Boechera stricta,,Bstricta_RP470,USA,,41.41775,-111.52133,,Mitchell-Olds,WGS,
Boechera stricta,,Bstricta_RP471,USA,,41.47532,-111.48393,,Mitchell-Olds,WGS,
Boechera stricta,,Bstricta_RP635,USA,,40.92935,-110.61498,,Mitchell-Olds,WGS,
Boechera stricta,,Bstricta_RP638,USA,,37.975267,-112.217267,,Mitchell-Olds,WGS,
Boechera stricta,,Bstricta_RP645,USA,,39.8251,-111.35645,,Mitchell-Olds,WGS,
Boechera stricta,,Bstricta_RP646,USA,,39.69333,-111.32828,,Mitchell-Olds,WGS,
Boechera stricta,,Bstricta_RP647,USA,,38.45565,-111.45263,,Mitchell-Olds,WGS,
Boechera stricta,,Bstricta_RP648,USA,,38.2235,-112.3766,,Mitchell-Olds,WGS,
Boechera stricta,,Bstricta_RP668,USA,,38.0143,-111.76162,,Mitchell-Olds,WGS,
Boechera stricta,,Bstricta_RP669,USA,,38.47878,-111.45955,,Mitchell-Olds,WGS,
Boechera stricta,,Bstricta_RP670,USA,,37.99905,-111.79477,,Mitchell-Olds,WGS,
Boechera stricta,,Bstricta_HZ041,USA,,45.03348,-114.10645,,Mitchell-Olds,WGS,
Boechera stricta,,Bstricta_HZ053,USA,,45.12658,-114.13663,,Mitchell-Olds,WGS,
Boechera stricta,,Bstricta_HZ088,USA,,44.44338,-114.73413,,Mitchell-Olds,WGS,
Boechera stricta,,Bstricta_HZ097,USA,,44.44338,-114.73413,,Mitchell-Olds,WGS,
Boechera stricta,,Bstricta_HZ102,USA,,44.45728,-114.75288,,Mitchell-Olds,WGS,
Boechera stricta,,Bstricta_HZ152,USA,,44.503,-114.7532,,Mitchell-Olds,WGS,
Boechera stricta,,Bstricta_HZ365,USA,,45.11455,-114.07825,,Mitchell-Olds,WGS,
Boechera stricta,,Bstricta_HZ411,USA,,44.7943,-114.258367,,Mitchell-Olds,WGS,
Boechera stricta,,Bstricta_HZ422,USA,,44.832783,-114.2547,,Mitchell-Olds,WGS,
Boechera stricta,,Bstricta_HZ449,USA,,44.441583,-114.733583,,Mitchell-Olds,WGS,
Boechera stricta,,Bstricta_RP017,USA,,45.6544,-113.7867,,Mitchell-Olds,WGS,
Boechera stricta,,Bstricta_RP021,USA,,37.913,-119.2576,,Mitchell-Olds,WGS,
Boechera stricta,,Bstricta_RP033,USA,,43.497,-110.9544,,Mitchell-Olds,WGS,
Boechera stricta,,Bstricta_RP037,USA,,44.406,-115.2858,,Mitchell-Olds,WGS,
Boechera stricta,,Bstricta_RP041,USA,,44.965,-114.6021,,Mitchell-Olds,WGS,
Boechera stricta,,Bstricta_RP046,USA,,44.366,-115.1435,,Mitchell-Olds,WGS,
Boechera stricta,,Bstricta_RP053,USA,,44.288,-115.4813,,Mitchell-Olds,WGS,
Boechera stricta,,Bstricta_RP070,USA,,45.71,-113.9981,,Mitchell-Olds,WGS,
Boechera stricta,,Bstricta_RP072,USA,,45.705,-113.9887,,Mitchell-Olds,WGS,
Boechera stricta,,Bstricta_RP074,USA,,45.703,-113.9852,,Mitchell-Olds,WGS,
Boechera stricta,,Bstricta_RP076,USA,,44.941,-114.1211,,Mitchell-Olds,WGS,
Boechera stricta,,Bstricta_RP089,USA,,45.2,-115.9902,,Mitchell-Olds,WGS,
Boechera stricta,,Bstricta_RP092,USA,,44.912,-114.3866,,Mitchell-Olds,WGS,
Boechera stricta,,Bstricta_RP098,USA,,44.444,-115.0893,,Mitchell-Olds,WGS,
Boechera stricta,,Bstricta_RP105,USA,,44.604,-114.5424,,Mitchell-Olds,WGS,
Boechera stricta,,Bstricta_RP106,USA,,45.72,-113.9942,,Mitchell-Olds,WGS,
Boechera stricta,,Bstricta_RP109,USA,,45.547,-113.7632,,Mitchell-Olds,WGS,
Boechera stricta,,Bstricta_RP114,USA,,45.336,-114.0039,,Mitchell-Olds,WGS,
Boechera stricta,,Bstricta_RP115,USA,,45.141,-113.4695,,Mitchell-Olds,WGS,
Boechera stricta,,Bstricta_RP120,USA,,45.125,-114.1472,,Mitchell-Olds,WGS,
Boechera stricta,,Bstricta_RP122,USA,,44.8413,-114.2723,,Mitchell-Olds,WGS,
Boechera stricta,,Bstricta_RP126,USA,,44.865,-114.298,,Mitchell-Olds,WGS,
Boechera stricta,,Bstricta_RP128,USA,,45.1155,-114.1442,,Mitchell-Olds,WGS,
Boechera stricta,,Bstricta_RP130,USA,,45.534,-113.08,,Mitchell-Olds,WGS,
Boechera stricta,,Bstricta_RP131,USA,,38.051,-119.2502,,Mitchell-Olds,WGS,
Boechera stricta,,Bstricta_RP137,USA,,44.968,-114.121,,Mitchell-Olds,WGS,
Boechera stricta,,Bstricta_RP147,USA,,44.475,-114.7307,,Mitchell-Olds,WGS,
Boechera stricta,,Bstricta_RP148,USA,,48.706,-120.6722,,Mitchell-Olds,WGS,
Boechera stricta,,Bstricta_RP149,USA,,43.768,-113.9014,,Mitchell-Olds,WGS,
Boechera stricta,,Bstricta_RP150,USA,,45.679,-113.8328,,Mitchell-Olds,WGS,
Boechera stricta,,Bstricta_RP154,USA,,36.449,-118.2289,,Mitchell-Olds,WGS,
Boechera stricta,,Bstricta_RP161,USA,,46.268,-111.9275,,Mitchell-Olds,WGS,
Boechera stricta,,Bstricta_RP167,USA,,44.416,-115.4703,,Mitchell-Olds,WGS,
Boechera stricta,,Bstricta_RP174,USA,,45.1564,-114.1517,,Mitchell-Olds,WGS,
Boechera stricta,,Bstricta_RP183,USA,,44.855,-118.2638,,Mitchell-Olds,WGS,
Boechera stricta,,Bstricta_RP188,USA,,44.807,-114.2706,,Mitchell-Olds,WGS,
Boechera stricta,,Bstricta_RP192,USA,,44.411,-115.372,,Mitchell-Olds,WGS,
Boechera stricta,,Bstricta_RP193,USA,,44.795,-113.7822,,Mitchell-Olds,WGS,
Boechera stricta,,Bstricta_RP200,USA,,44.296,-115.4799,,Mitchell-Olds,WGS,
Boechera stricta,,Bstricta_RP202,USA,,45.1185,-114.1584,,Mitchell-Olds,WGS,
Boechera stricta,,Bstricta_RP210,USA,,44.834,-118.2477,,Mitchell-Olds,WGS,
Boechera stricta,,Bstricta_RP223,USA,,44.37,-115.397,,Mitchell-Olds,WGS,
Boechera stricta,,Bstricta_RP224,USA,,45.4425,-113.8384,,Mitchell-Olds,WGS,
Boechera stricta,,Bstricta_RP225,USA,,45.095,-113.4233,,Mitchell-Olds,WGS,
Boechera stricta,,Bstricta_RP227,USA,,44.479,-115.3204,,Mitchell-Olds,WGS,
Boechera stricta,,Bstricta_RP230,USA,,44.503,-114.7532,,Mitchell-Olds,WGS,
Boechera stricta,,Bstricta_RP232,USA,,44.7025,-114.3158,,Mitchell-Olds,WGS,
Boechera stricta,,Bstricta_RP233,USA,,45.6022,-113.6825,,Mitchell-Olds,WGS,
Boechera stricta,,Bstricta_RP244,USA,,46.561,-112.3032,,Mitchell-Olds,WGS,
Boechera stricta,,Bstricta_RP249,USA,,44.8409,-114.2742,,Mitchell-Olds,WGS,
Boechera stricta,,Bstricta_RP254,USA,,45.17,-113.5205,,Mitchell-Olds,WGS,
Boechera stricta,,Bstricta_RP263,USA,,45.5697,-113.7065,,Mitchell-Olds,WGS,
Boechera stricta,,Bstricta_RP439,USA,,45.34712,-111.52967,,Mitchell-Olds,WGS,
Boechera stricta,,Bstricta_RP445,USA,,45.45843,-111.85437,,Mitchell-Olds,WGS,
Boechera stricta,,Bstricta_RP448,USA,,44.92322,-111.35938,,Mitchell-Olds,WGS,
Boechera stricta,,Bstricta_RP450,USA,,45.12525,-111.862,,Mitchell-Olds,WGS,
Boechera stricta,,Bstricta_RP461,USA,,44.5627,-112.143,,Mitchell-Olds,WGS,
Boechera stricta,,Bstricta_RP462,USA,,44.54178,-112.12652,,Mitchell-Olds,WGS,
Boechera stricta,,Bstricta_RP464,USA,,44.59678,-111.53612,,Mitchell-Olds,WGS,
Boechera stricta,,Bstricta_RP468,USA,,44.48527,-112.08837,,Mitchell-Olds,WGS,
Boechera stricta,,Bstricta_RP472,USA,,37.43448,-118.74772,,Mitchell-Olds,WGS,
Boechera stricta,,Bstricta_RP473,USA,,37.43133,-118.74947,,Mitchell-Olds,WGS,
Boechera stricta,,Bstricta_RP474,USA,,37.43397,-118.748,,Mitchell-Olds,WGS,
Boechera stricta,,Bstricta_RP475,USA,,37.74395,-119.03577,,Mitchell-Olds,WGS,
Boechera stricta,,Bstricta_RP479,USA,,44.64368,-113.53183,,Mitchell-Olds,WGS,
Boechera stricta,,Bstricta_RP480,USA,,44.60812,-113.57627,,Mitchell-Olds,WGS,
Boechera stricta,,Bstricta_RP636,USA,,44.84345,-114.272933,,Mitchell-Olds,WGS,
Boechera stricta,,Bstricta_RP641,USA,,44.8867,-111.35628,,Mitchell-Olds,WGS,
Boechera stricta,,Bstricta_RP649,USA,,44.57703,-113.47208,,Mitchell-Olds,WGS,